transaction_id,date,customer_id,product_id,quantity,unit_price,region,payment_method,total_amount,status,customer_email
TXN000001,2024-01-01,8270,PROD005,45,340.96,West,Credit Card,15343.2,completed,customer0@email.com
TXN000002,2024-01-02,1860,PROD003,2,31.98,East,PayPal,63.96,cancelled,customer1@email.com
TXN000003,2024-01-03,6390,PROD002,41,230.79,South,Credit Card,9462.39,completed,customer2@email.com
TXN000004,2024-01-04,6191,PROD002,21,465.42,East,Credit Card,9773.82,completed,customer3@email.com
TXN000005,2024-01-05,6734,PROD003,2,90.95,South,Credit Card,181.9,completed,customer4@email.com
TXN000006,2024-01-06,7265,PROD002,27,201.04,South,PayPal,5428.08,completed,customer5@email.com
TXN000007,2024-01-07,1466,PROD004,9,367.63,West,Debit Card,3308.67,completed,customer6@email.com
TXN000008,2024-01-08,5426,PROD001,1,442.31,North,Debit Card,442.31,completed,customer7@email.com
TXN000009,2024-01-09,6578,PROD004,11,338.76,North,Debit Card,3726.36,cancelled,customer8@email.com
TXN000010,2024-01-10,9322,PROD002,3,136.5,West,Credit Card,409.5,completed,customer9@email.com
TXN000011,2024-01-11,2685,PROD005,23,340.56,East,PayPal,7832.88,pending,customer10@email.com
TXN000012,2024-01-12,1769,PROD001,26,155.4,West,Credit Card,4040.4,completed,customer11@email.com
TXN000013,2024-01-13,7949,PROD001,4,362.03,South,Debit Card,1448.12,completed,customer12@email.com
TXN000014,2024-01-14,3433,PROD003,18,477.48,North,Debit Card,8594.64,completed,customer13@email.com
TXN000015,2024-01-15,6311,PROD003,6,363.48,West,PayPal,2180.88,completed,customer14@email.com
TXN000016,2024-01-16,6051,PROD005,35,432.81,East,Credit Card,15148.35,pending,customer15@email.com
TXN000017,2024-01-17,7420,PROD001,22,11.03,West,Cash,242.66,completed,customer16@email.com
TXN000018,2024-01-18,2184,PROD005,43,361.61,North,Cash,15549.23,completed,customer17@email.com
TXN000019,2024-01-19,5555,PROD003,15,416.5,West,Debit Card,6247.5,completed,customer18@email.com
TXN000020,2024-01-20,4385,PROD003,22,29.87,West,PayPal,657.14,completed,invalid_email_19
TXN000021,2024-01-21,7396,PROD001,37,437.08,North,Credit Card,16171.96,completed,customer20@email.com
TXN000022,2024-01-22,9666,PROD004,42,135.78,South,Credit Card,5702.76,completed,customer21@email.com
TXN000023,2024-01-23,3558,PROD002,12,335.99,South,Debit Card,4031.88,completed,customer22@email.com
TXN000024,2024-01-24,8849,PROD003,47,402.17,North,Debit Card,18901.99,completed,customer23@email.com
TXN000025,2024-01-25,3047,PROD003,49,334.71,West,Credit Card,16400.79,completed,customer24@email.com
TXN000026,2024-01-26,3747,PROD004,42,55.22,North,Credit Card,2319.24,completed,customer25@email.com
TXN000027,2024-01-27,1189,PROD004,38,302.2,South,Debit Card,11483.6,completed,customer26@email.com
TXN000028,2024-01-28,3734,PROD005,18,279.3,East,Credit Card,5027.4,pending,customer27@email.com
TXN000029,2024-01-29,4005,PROD005,45,451.16,West,Cash,20302.2,completed,customer28@email.com
TXN000030,2024-01-30,5658,PROD002,35,208.08,South,Debit Card,7282.8,completed,customer29@email.com
TXN000031,2024-01-31,2899,PROD002,30,167.33,West,Credit Card,5019.9,completed,customer30@email.com
TXN000032,2024-02-01,8734,PROD001,24,377.43,North,Debit Card,9058.32,completed,customer31@email.com
TXN000033,2024-02-02,2267,PROD005,42,212.21,East,PayPal,8912.82,completed,customer32@email.com
TXN000034,2024-02-03,2528,PROD003,30,326.59,North,Debit Card,9797.7,completed,customer33@email.com
TXN000035,2024-02-04,4556,PROD005,14,326.76,East,Debit Card,4574.64,completed,customer34@email.com
TXN000036,2024-02-05,4890,PROD003,6,445.14,West,PayPal,2670.84,completed,customer35@email.com
TXN000037,2024-02-06,9838,PROD004,3,303.36,West,Cash,910.08,pending,customer36@email.com
TXN000038,2024-02-07,6393,PROD005,16,256.06,North,Credit Card,4096.96,completed,customer37@email.com
TXN000039,2024-02-08,9792,PROD004,7,78.05,East,PayPal,546.35,completed,customer38@email.com
TXN000040,2024-02-09,9433,PROD002,14,66.71,East,Debit Card,933.94,completed,customer39@email.com
TXN000041,2024-02-10,8513,PROD002,9,85.62,West,Credit Card,770.58,completed,customer40@email.com
TXN000042,2024-02-11,3612,PROD001,15,94.21,North,PayPal,1413.15,pending,customer41@email.com
TXN000043,2024-02-12,8041,PROD005,21,322.56,East,Credit Card,6773.76,completed,customer42@email.com
TXN000044,2024-02-13,7235,PROD004,35,373.08,West,Credit Card,13057.8,completed,customer43@email.com
TXN000045,2024-02-14,6486,PROD003,2,269.7,South,PayPal,539.4,completed,customer44@email.com
TXN000046,2024-02-15,8099,PROD002,27,416.22,North,Credit Card,11237.94,completed,customer45@email.com
TXN000047,2024-02-16,1775,PROD002,2,495.72,South,Cash,991.44,completed,customer46@email.com
TXN000048,2024-02-17,9226,PROD003,35,411.81,North,PayPal,14413.35,completed,customer47@email.com
TXN000049,2024-02-18,4152,PROD004,18,350.49,West,Cash,6308.82,completed,customer48@email.com
TXN000050,2024-02-19,2585,PROD004,14,270.92,East,Debit Card,3792.88,completed,customer49@email.com
TXN000051,2024-02-20,4943,PROD005,20,229.94,East,Credit Card,4598.8,completed,customer50@email.com
TXN000052,2024-02-21,8555,PROD005,18,51.35,East,Debit Card,924.3,completed,customer51@email.com
TXN000053,2024-02-22,4073,PROD001,10,205.69,North,Debit Card,2056.9,completed,customer52@email.com
TXN000054,2024-02-23,2021,PROD002,25,455.97,West,Credit Card,11399.25,completed,customer53@email.com
TXN000055,2024-02-24,4843,PROD005,2,405.93,South,PayPal,811.86,completed,customer54@email.com
TXN000056,2024-02-25,8989,PROD004,25,115.87,West,Credit Card,2896.75,completed,customer55@email.com
TXN000057,2024-02-26,7873,PROD003,33,238.64,South,Debit Card,7875.12,completed,customer56@email.com
TXN000058,2024-02-27,6675,PROD004,36,410.19,North,Debit Card,14766.84,completed,customer57@email.com
TXN000059,2024-02-28,1161,PROD002,31,43.02,North,PayPal,1333.62,completed,customer58@email.com
TXN000060,2024-02-29,5297,PROD004,14,199.82,South,Credit Card,2797.48,completed,customer59@email.com
TXN000061,2024-03-01,1995,PROD001,1,427.4,South,Debit Card,427.4,completed,customer60@email.com
TXN000062,2024-03-02,8629,PROD002,46,207.91,South,Cash,9563.86,pending,customer61@email.com
TXN000063,2024-03-03,2016,PROD003,16,48.03,West,Debit Card,768.48,cancelled,customer62@email.com
TXN000064,2024-03-04,8869,PROD001,46,275.84,South,Debit Card,12688.64,pending,customer63@email.com
TXN000065,2024-03-05,7439,PROD002,3,432.25,North,PayPal,1296.75,completed,customer64@email.com
TXN000066,2024-03-06,8892,PROD003,35,299.24,North,Cash,10473.4,completed,customer65@email.com
TXN000067,2024-03-07,7863,PROD001,41,120.88,East,Debit Card,4956.08,completed,customer66@email.com
TXN000068,2024-03-08,8916,PROD001,6,198.28,South,Debit Card,1189.68,completed,customer67@email.com
TXN000069,2024-03-09,9529,PROD002,25,230.56,West,Cash,5764.0,completed,customer68@email.com
TXN000070,2024-03-10,1878,PROD005,13,293.84,West,Credit Card,3819.92,completed,customer69@email.com
TXN000071,2024-03-11,5887,PROD001,34,382.08,West,Credit Card,12990.72,completed,customer70@email.com
TXN000072,2024-03-12,5859,PROD001,8,58.45,East,Debit Card,467.6,cancelled,customer71@email.com
TXN000073,2024-03-13,7331,PROD003,21,445.93,North,Debit Card,9364.53,completed,customer72@email.com
TXN000074,2024-03-14,9571,PROD004,34,16.03,West,Credit Card,545.02,completed,customer73@email.com
TXN000075,2024-03-15,9684,PROD002,4,191.33,North,PayPal,765.32,completed,customer74@email.com
TXN000076,2024-03-16,8208,PROD002,25,23.44,East,Cash,586.0,pending,customer75@email.com
TXN000077,2024-03-17,6276,PROD005,15,202.56,South,Cash,3038.4,completed,customer76@email.com
TXN000078,2024-03-18,3062,PROD005,4,267.65,South,PayPal,1070.6,completed,customer77@email.com
TXN000079,2024-03-19,1064,PROD002,45,260.72,South,PayPal,11732.4,pending,customer78@email.com
TXN000080,2024-03-20,9006,PROD005,12,91.16,West,PayPal,1093.92,completed,customer79@email.com
TXN000081,2024-03-21,3568,PROD003,32,326.41,South,PayPal,10445.12,completed,customer80@email.com
TXN000082,2024-03-22,6463,PROD002,32,31.94,West,PayPal,1022.08,completed,customer81@email.com
TXN000083,2024-03-23,3027,PROD005,28,383.33,East,PayPal,10733.24,completed,customer82@email.com
TXN000084,2024-03-24,3695,PROD002,13,473.86,East,Cash,6160.18,completed,customer83@email.com
TXN000085,2024-03-25,6258,PROD004,31,176.49,West,PayPal,5471.19,completed,customer84@email.com
TXN000086,2024-03-26,6618,PROD001,14,263.45,North,Credit Card,3688.3,pending,customer85@email.com
TXN000087,2024-03-27,7736,PROD002,20,195.67,South,PayPal,3913.4,cancelled,customer86@email.com
TXN000088,2024-03-28,1391,PROD001,18,13.29,South,PayPal,239.22,completed,customer87@email.com
TXN000089,2024-03-29,6892,PROD005,29,199.08,South,Cash,5773.32,completed,customer88@email.com
TXN000090,2024-03-30,4561,PROD001,6,397.94,West,Cash,2387.64,completed,customer89@email.com
TXN000091,2024-03-31,7184,PROD002,32,302.03,East,PayPal,9664.96,completed,customer90@email.com
TXN000092,2024-04-01,4099,PROD004,29,59.62,South,Cash,1728.98,completed,customer91@email.com
TXN000093,2024-04-02,7278,PROD005,43,425.1,East,Debit Card,18279.3,completed,customer92@email.com
TXN000094,2024-04-03,9392,PROD002,2,270.23,South,Cash,540.46,completed,customer93@email.com
TXN000095,2024-04-04,4104,PROD005,23,422.44,South,Cash,9716.12,completed,customer94@email.com
TXN000096,2024-04-05,8215,PROD003,19,294.31,West,Cash,5591.89,pending,customer95@email.com
TXN000097,2024-04-06,3454,PROD001,31,284.25,North,Cash,8811.75,completed,customer96@email.com
TXN000098,2024-04-07,9996,PROD003,5,61.58,West,Credit Card,307.9,completed,customer97@email.com
TXN000099,2024-04-08,3731,PROD002,19,92.01,South,Credit Card,1748.19,completed,customer98@email.com
TXN000100,2024-04-09,9154,PROD004,34,486.29,South,Credit Card,16533.86,completed,customer99@email.com
TXN000101,2024-04-10,6056,PROD005,10,121.96,North,PayPal,1219.6,completed,invalid_email_100
TXN000102,2024-04-11,9110,PROD001,25,488.95,East,PayPal,12223.75,completed,customer101@email.com
TXN000103,2024-04-12,4840,PROD005,2,270.64,East,Debit Card,541.28,completed,customer102@email.com
TXN000104,2024-04-13,2028,PROD002,11,76.54,South,Credit Card,841.94,completed,customer103@email.com
TXN000105,2024-04-14,8385,PROD005,31,58.66,East,PayPal,1818.46,completed,customer104@email.com
TXN000106,2024-04-15,1502,PROD001,15,112.34,South,Cash,1685.1,completed,customer105@email.com
TXN000107,2024-04-16,7910,PROD002,9,463.56,North,Cash,4172.04,completed,customer106@email.com
TXN000108,2024-04-17,7938,PROD005,23,212.93,North,Credit Card,4897.39,cancelled,customer107@email.com
TXN000109,2024-04-18,5488,PROD004,19,203.76,South,Debit Card,3871.44,completed,customer108@email.com
TXN000110,2024-04-19,1206,PROD002,9,163.47,North,Debit Card,1471.23,cancelled,customer109@email.com
TXN000111,2024-04-20,6134,PROD002,35,82.06,West,Cash,2872.1,completed,customer110@email.com
TXN000112,2024-04-21,6977,PROD004,21,249.05,West,Debit Card,5230.05,cancelled,customer111@email.com
TXN000113,2024-04-22,8721,PROD003,9,73.72,North,Credit Card,663.48,completed,customer112@email.com
TXN000114,2024-04-23,8035,PROD001,28,419.39,South,Cash,11742.92,completed,customer113@email.com
TXN000115,2024-04-24,2484,PROD003,46,191.49,South,PayPal,8808.54,completed,customer114@email.com
TXN000116,2024-04-25,8858,PROD005,7,193.65,North,PayPal,1355.55,completed,customer115@email.com
TXN000117,2024-04-26,1863,PROD004,16,242.26,East,Debit Card,3876.16,completed,customer116@email.com
TXN000118,2024-04-27,3790,PROD003,16,227.62,West,Cash,3641.92,completed,customer117@email.com
TXN000119,2024-04-28,8408,PROD002,33,497.48,East,Cash,16416.84,completed,customer118@email.com
TXN000120,2024-04-29,9755,PROD005,4,277.24,South,PayPal,1108.96,completed,customer119@email.com
TXN000121,2024-04-30,6116,PROD005,4,53.22,South,Cash,212.88,completed,customer120@email.com
TXN000122,2024-05-01,7019,PROD003,39,307.37,East,Cash,11987.43,completed,customer121@email.com
TXN000123,2024-05-02,2757,PROD003,40,84.28,North,Cash,3371.2,completed,customer122@email.com
TXN000124,2024-05-03,8574,PROD004,17,25.16,East,Debit Card,427.72,completed,customer123@email.com
TXN000125,2024-05-04,7374,PROD001,37,485.66,East,Cash,17969.42,completed,invalid_email_124
TXN000126,2024-05-05,7892,PROD003,39,389.03,West,Credit Card,15172.17,completed,customer125@email.com
TXN000127,2024-05-06,2678,PROD003,29,490.25,West,Debit Card,14217.25,completed,invalid_email_126
TXN000128,2024-05-07,4242,PROD002,36,244.16,East,Cash,8789.76,completed,customer127@email.com
TXN000129,2024-05-08,5636,PROD005,38,270.81,East,Cash,10290.78,cancelled,customer128@email.com
TXN000130,2024-05-09,2059,PROD001,39,92.49,South,Credit Card,3607.11,completed,customer129@email.com
TXN000131,2024-05-10,7668,PROD002,37,130.98,West,Debit Card,4846.26,completed,customer130@email.com
TXN000132,2024-05-11,4157,PROD004,35,420.89,West,PayPal,14731.15,completed,customer131@email.com
TXN000133,2024-05-12,6915,PROD004,7,184.53,South,PayPal,1291.71,completed,customer132@email.com
TXN000134,2024-05-13,3693,PROD003,27,415.14,North,Debit Card,11208.78,completed,customer133@email.com
TXN000135,2024-05-14,4627,PROD003,28,357.42,West,Cash,10007.76,completed,customer134@email.com
TXN000136,2024-05-15,6450,PROD004,22,96.81,West,Cash,2129.82,completed,customer135@email.com
TXN000137,2024-05-16,2663,PROD003,14,258.65,North,PayPal,3621.1,completed,customer136@email.com
TXN000138,2024-05-17,6592,PROD001,7,341.92,West,PayPal,2393.44,completed,customer137@email.com
TXN000139,2024-05-18,8392,PROD003,37,125.17,West,PayPal,4631.29,completed,customer138@email.com
TXN000140,2024-05-19,2306,PROD005,22,417.04,North,Credit Card,9174.88,completed,customer139@email.com
TXN000141,2024-05-20,7776,PROD003,5,276.97,North,PayPal,1384.85,completed,customer140@email.com
TXN000142,2024-05-21,6864,PROD002,2,90.97,East,Credit Card,181.94,completed,customer141@email.com
TXN000143,2024-05-22,8526,PROD001,27,295.66,South,Debit Card,7982.82,completed,customer142@email.com
TXN000144,2024-05-23,9901,PROD002,21,499.86,South,Cash,10497.06,cancelled,customer143@email.com
TXN000145,2024-05-24,6575,PROD002,38,83.76,North,PayPal,3182.88,pending,customer144@email.com
TXN000146,2024-05-25,6530,PROD005,15,410.21,North,Cash,6153.15,completed,customer145@email.com
TXN000147,2024-05-26,5413,PROD001,21,111.58,West,Cash,2343.18,completed,customer146@email.com
TXN000148,2024-05-27,4748,PROD001,10,393.37,East,PayPal,3933.7,completed,customer147@email.com
TXN000149,2024-05-28,1663,PROD001,23,369.94,East,PayPal,8508.62,completed,customer148@email.com
TXN000150,2024-05-29,2998,PROD001,39,157.24,North,Debit Card,6132.36,completed,customer149@email.com
TXN000151,2024-05-30,8994,PROD001,5,169.65,West,Credit Card,848.25,completed,customer150@email.com
TXN000152,2024-05-31,2495,PROD005,1,398.34,West,Credit Card,398.34,completed,customer151@email.com
TXN000153,2024-06-01,4304,PROD003,13,236.11,South,Cash,3069.43,completed,customer152@email.com
TXN000154,2024-06-02,4763,PROD002,21,368.1,South,PayPal,7730.1,cancelled,customer153@email.com
TXN000155,2024-06-03,6232,PROD001,26,82.51,West,Debit Card,2145.26,completed,customer154@email.com
TXN000156,2024-06-04,2853,PROD003,45,427.75,South,Debit Card,19248.75,completed,customer155@email.com
TXN000157,2024-06-05,7585,PROD003,21,358.33,North,Debit Card,7524.93,completed,customer156@email.com
TXN000158,2024-06-06,2291,PROD002,18,454.4,West,Debit Card,8179.2,completed,customer157@email.com
TXN000159,2024-06-07,4581,PROD005,37,74.86,South,Debit Card,2769.82,completed,customer158@email.com
TXN000160,2024-06-08,8554,PROD004,45,300.58,East,Credit Card,13526.1,completed,customer159@email.com
TXN000161,2024-06-09,8280,PROD004,32,303.57,West,Credit Card,9714.24,completed,customer160@email.com
TXN000162,2024-06-10,2636,PROD003,36,183.2,West,Credit Card,6595.2,completed,customer161@email.com
TXN000163,2024-06-11,4696,PROD002,17,234.65,East,PayPal,3989.05,completed,customer162@email.com
TXN000164,2024-06-12,1698,PROD004,35,28.61,North,Cash,1001.35,completed,customer163@email.com
TXN000165,2024-06-13,5737,PROD003,49,375.47,East,Debit Card,18398.03,completed,customer164@email.com
TXN000166,2024-06-14,1854,PROD005,11,279.17,West,PayPal,3070.87,pending,customer165@email.com
TXN000167,2024-06-15,9164,PROD004,21,38.29,North,Debit Card,804.09,completed,customer166@email.com
TXN000168,2024-06-16,6855,PROD003,26,343.57,South,Credit Card,8932.82,completed,customer167@email.com
TXN000169,2024-06-17,8392,PROD003,4,238.72,South,PayPal,954.88,completed,customer168@email.com
TXN000170,2024-06-18,7528,PROD001,34,26.89,South,Credit Card,914.26,completed,customer169@email.com
TXN000171,2024-06-19,6249,PROD005,48,485.11,West,Debit Card,23285.28,completed,customer170@email.com
TXN000172,2024-06-20,6172,PROD001,18,475.06,East,Debit Card,8551.08,completed,customer171@email.com
TXN000173,2024-06-21,2707,PROD002,40,261.32,North,Cash,10452.8,completed,customer172@email.com
TXN000174,2024-06-22,6791,PROD001,35,55.9,South,Debit Card,1956.5,completed,customer173@email.com
TXN000175,2024-06-23,6535,PROD001,41,379.76,North,Credit Card,15570.16,completed,customer174@email.com
TXN000176,2024-06-24,5931,PROD004,29,251.05,West,Debit Card,7280.45,completed,customer175@email.com
TXN000177,2024-06-25,4510,PROD003,29,158.2,South,Cash,4587.8,completed,customer176@email.com
TXN000178,2024-06-26,1202,PROD005,38,250.79,West,Cash,9530.02,completed,customer177@email.com
TXN000179,2024-06-27,5218,PROD001,42,266.0,East,Credit Card,11172.0,completed,customer178@email.com
TXN000180,2024-06-28,9958,PROD005,21,285.73,West,PayPal,6000.33,completed,customer179@email.com
TXN000181,2024-06-29,5389,PROD001,42,226.2,West,Debit Card,9500.4,completed,customer180@email.com
TXN000182,2024-06-30,3327,PROD002,13,306.82,East,Cash,3988.66,completed,customer181@email.com
TXN000183,2024-07-01,9004,PROD001,49,460.18,North,Debit Card,22548.82,completed,customer182@email.com
TXN000184,2024-07-02,3931,PROD004,41,187.51,East,Debit Card,7687.91,completed,customer183@email.com
TXN000185,2024-07-03,8777,PROD003,17,365.6,East,PayPal,6215.2,completed,customer184@email.com
TXN000186,2024-07-04,1197,PROD002,9,448.28,West,Cash,4034.52,completed,customer185@email.com
TXN000187,2024-07-05,8125,PROD001,41,233.43,North,Debit Card,9570.63,pending,customer186@email.com
TXN000188,2024-07-06,2930,PROD005,1,227.29,South,Cash,227.29,completed,customer187@email.com
TXN000189,2024-07-07,7287,PROD002,2,305.04,East,Credit Card,610.08,completed,customer188@email.com
TXN000190,2024-07-08,9800,PROD002,48,299.79,North,Credit Card,14389.92,completed,customer189@email.com
TXN000191,2024-07-09,5282,PROD001,29,405.23,East,Debit Card,11751.67,completed,customer190@email.com
TXN000192,2024-07-10,3511,PROD002,33,243.48,East,Cash,8034.84,completed,customer191@email.com
TXN000193,2024-07-11,1659,PROD005,10,498.1,East,Debit Card,4981.0,pending,customer192@email.com
TXN000194,2024-07-12,3811,PROD002,40,39.14,East,Cash,1565.6,completed,customer193@email.com
TXN000195,2024-07-13,8098,PROD005,21,11.55,West,Cash,242.55,completed,customer194@email.com
TXN000196,2024-07-14,7546,PROD001,28,323.7,North,PayPal,9063.6,completed,customer195@email.com
TXN000197,2024-07-15,2986,PROD003,11,156.23,North,PayPal,1718.53,completed,customer196@email.com
TXN000198,2024-07-16,9338,PROD002,34,127.79,North,PayPal,4344.86,completed,customer197@email.com
TXN000199,2024-07-17,3911,PROD003,8,162.83,East,Debit Card,1302.64,completed,customer198@email.com
TXN000200,2024-07-18,2734,PROD005,22,135.46,West,PayPal,2980.12,completed,customer199@email.com
TXN000201,2024-07-19,2843,PROD002,8,25.09,East,PayPal,200.72,completed,customer200@email.com
TXN000202,2024-07-20,9680,PROD004,49,486.05,East,Credit Card,23816.45,completed,customer201@email.com
TXN000203,2024-07-21,3976,PROD003,15,118.17,North,Cash,1772.55,completed,customer202@email.com
TXN000204,2024-07-22,2959,PROD002,17,369.67,East,Cash,6284.39,completed,customer203@email.com
TXN000205,2024-07-23,6759,PROD003,23,383.67,South,PayPal,8824.41,completed,customer204@email.com
TXN000206,2024-07-24,7694,PROD002,24,465.34,East,Cash,11168.16,completed,customer205@email.com
TXN000207,2024-07-25,3385,PROD001,45,24.97,South,Credit Card,1123.65,completed,customer206@email.com
TXN000208,2024-07-26,5736,PROD003,19,437.3,East,Credit Card,8308.7,completed,customer207@email.com
TXN000209,2024-07-27,2802,PROD004,5,268.34,West,PayPal,1341.7,completed,customer208@email.com
TXN000210,2024-07-28,9155,PROD004,32,319.95,West,Credit Card,10238.4,completed,customer209@email.com
TXN000211,2024-07-29,9120,PROD005,44,325.79,North,Cash,14334.76,completed,customer210@email.com
TXN000212,2024-07-30,7616,PROD002,1,411.7,East,Debit Card,411.7,completed,customer211@email.com
TXN000213,2024-07-31,6534,PROD003,23,173.37,South,Cash,3987.51,completed,customer212@email.com
TXN000214,2024-08-01,5061,PROD005,37,369.2,South,Debit Card,13660.4,completed,customer213@email.com
TXN000215,2024-08-02,1262,PROD003,8,269.0,East,PayPal,2152.0,completed,customer214@email.com
TXN000216,2024-08-03,7287,PROD002,13,398.76,South,Debit Card,5183.88,completed,customer215@email.com
TXN000217,2024-08-04,9815,PROD004,8,495.37,West,Credit Card,3962.96,completed,customer216@email.com
TXN000218,2024-08-05,3049,PROD001,23,108.32,South,Cash,2491.36,completed,customer217@email.com
TXN000219,2024-08-06,6423,PROD004,43,497.38,North,Debit Card,21387.34,completed,customer218@email.com
TXN000220,2024-08-07,5548,PROD005,1,54.01,West,Cash,54.01,completed,customer219@email.com
TXN000221,2024-08-08,4108,PROD001,45,11.14,West,PayPal,501.3,completed,customer220@email.com
TXN000222,2024-08-09,8158,PROD005,24,31.64,West,PayPal,759.36,completed,customer221@email.com
TXN000223,2024-08-10,8400,PROD002,35,177.47,East,Credit Card,6211.45,completed,customer222@email.com
TXN000224,2024-08-11,4170,PROD001,24,320.12,East,PayPal,7682.88,completed,customer223@email.com
TXN000225,2024-08-12,3255,PROD005,17,43.82,West,Debit Card,744.94,completed,customer224@email.com
TXN000226,2024-08-13,2154,PROD002,5,12.78,East,PayPal,63.9,completed,customer225@email.com
TXN000227,2024-08-14,5499,PROD004,20,469.17,South,Credit Card,9383.4,completed,customer226@email.com
TXN000228,2024-08-15,7295,PROD002,21,412.74,East,Cash,8667.54,completed,customer227@email.com
TXN000229,2024-08-16,7197,PROD003,40,406.5,East,Cash,16260.0,completed,customer228@email.com
TXN000230,2024-08-17,2648,PROD002,31,443.37,West,PayPal,13744.47,completed,customer229@email.com
TXN000231,2024-08-18,6539,PROD002,46,353.02,North,Debit Card,16238.92,completed,customer230@email.com
TXN000232,2024-08-19,5199,PROD003,36,61.16,North,Credit Card,2201.76,completed,customer231@email.com
TXN000233,2024-08-20,9445,PROD005,11,205.56,North,Debit Card,2261.16,completed,customer232@email.com
TXN000234,2024-08-21,3557,PROD005,15,364.34,South,Credit Card,5465.1,completed,customer233@email.com
TXN000235,2024-08-22,6592,PROD002,19,147.36,East,PayPal,2799.84,completed,customer234@email.com
TXN000236,2024-08-23,1098,PROD003,7,346.83,North,Credit Card,2427.81,pending,customer235@email.com
TXN000237,2024-08-24,3200,PROD003,28,22.0,West,Credit Card,616.0,completed,customer236@email.com
TXN000238,2024-08-25,3961,PROD004,43,160.01,North,PayPal,6880.43,completed,customer237@email.com
TXN000239,2024-08-26,5973,PROD005,5,279.07,North,Debit Card,1395.35,completed,customer238@email.com
TXN000240,2024-08-27,5433,PROD001,5,319.72,East,PayPal,1598.6,completed,customer239@email.com
TXN000241,2024-08-28,3869,PROD005,30,292.75,East,Credit Card,8782.5,completed,customer240@email.com
TXN000242,2024-08-29,1956,PROD005,32,351.9,East,PayPal,11260.8,completed,customer241@email.com
TXN000243,2024-08-30,9352,PROD004,8,12.98,South,Credit Card,103.84,completed,customer242@email.com
TXN000244,2024-08-31,6699,PROD001,10,59.46,South,PayPal,594.6,completed,customer243@email.com
TXN000245,2024-09-01,7944,PROD004,38,435.78,North,Cash,16559.64,pending,customer244@email.com
TXN000246,2024-09-02,5493,PROD001,47,344.06,East,Cash,16170.82,completed,customer245@email.com
TXN000247,2024-09-03,5911,PROD002,32,65.34,North,PayPal,2090.88,completed,customer246@email.com
TXN000248,2024-09-04,4987,PROD001,48,422.62,West,Debit Card,20285.76,completed,customer247@email.com
TXN000249,2024-09-05,7015,PROD004,28,128.69,West,Credit Card,3603.32,completed,customer248@email.com
TXN000250,2024-09-06,2218,PROD005,17,244.35,East,Cash,4153.95,completed,customer249@email.com
TXN000251,2024-09-07,5496,PROD001,31,81.15,East,Debit Card,2515.65,completed,customer250@email.com
TXN000252,2024-09-08,5735,PROD001,8,357.95,West,Credit Card,2863.6,completed,customer251@email.com
TXN000253,2024-09-09,5555,PROD003,40,336.76,East,Cash,13470.4,completed,customer252@email.com
TXN000254,2024-09-10,9050,PROD005,25,113.45,South,Cash,2836.25,completed,customer253@email.com
TXN000255,2024-09-11,4446,PROD002,9,433.07,South,PayPal,3897.63,completed,customer254@email.com
TXN000256,2024-09-12,2045,PROD004,2,206.64,East,Credit Card,413.28,pending,customer255@email.com
TXN000257,2024-09-13,7893,PROD002,15,153.33,West,Debit Card,2299.95,completed,customer256@email.com
TXN000258,2024-09-14,2693,PROD005,3,84.64,North,Debit Card,253.92,completed,customer257@email.com
TXN000259,2024-09-15,4436,PROD001,49,140.42,East,Debit Card,6880.58,completed,customer258@email.com
TXN000260,2024-09-16,9754,PROD001,36,20.79,East,Credit Card,748.44,completed,customer259@email.com
TXN000261,2024-09-17,6895,PROD005,4,295.8,North,Debit Card,1183.2,pending,customer260@email.com
TXN000262,2024-09-18,4354,PROD001,14,422.69,East,Debit Card,5917.66,completed,customer261@email.com
TXN000263,2024-09-19,1225,PROD001,41,279.0,North,Debit Card,11439.0,completed,customer262@email.com
TXN000264,2024-09-20,5893,PROD001,41,117.44,West,PayPal,4815.04,completed,customer263@email.com
TXN000265,2024-09-21,8022,PROD004,25,26.5,South,PayPal,662.5,pending,customer264@email.com
TXN000266,2024-09-22,6600,PROD004,10,115.17,West,Credit Card,1151.7,completed,customer265@email.com
TXN000267,2024-09-23,8996,PROD003,21,213.9,South,Credit Card,4491.9,completed,customer266@email.com
TXN000268,2024-09-24,8683,PROD002,36,382.21,North,Debit Card,13759.56,completed,customer267@email.com
TXN000269,2024-09-25,5642,PROD005,12,102.04,South,PayPal,1224.48,completed,customer268@email.com
TXN000270,2024-09-26,8679,PROD005,27,362.7,West,Cash,9792.9,completed,invalid_email_269
TXN000271,2024-09-27,9208,PROD005,40,434.8,South,Cash,17392.0,pending,customer270@email.com
TXN000272,2024-09-28,8339,PROD003,2,232.43,North,Debit Card,464.86,completed,customer271@email.com
TXN000273,2024-09-29,3205,PROD004,13,412.5,South,Debit Card,5362.5,completed,customer272@email.com
TXN000274,2024-09-30,2069,PROD003,32,281.78,East,PayPal,9016.96,completed,customer273@email.com
TXN000275,2024-10-01,4444,PROD005,31,322.17,West,PayPal,9987.27,completed,customer274@email.com
TXN000276,2024-10-02,2060,PROD002,16,267.88,East,PayPal,4286.08,completed,customer275@email.com
TXN000277,2024-10-03,3327,PROD001,32,236.95,North,Credit Card,7582.4,cancelled,customer276@email.com
TXN000278,2024-10-04,4420,PROD004,32,124.98,South,Credit Card,3999.36,completed,customer277@email.com
TXN000279,2024-10-05,1301,PROD004,34,158.57,East,Debit Card,5391.38,completed,customer278@email.com
TXN000280,2024-10-06,1606,PROD003,11,152.09,East,Credit Card,1672.99,completed,customer279@email.com
TXN000281,2024-10-07,4170,PROD004,10,286.01,South,PayPal,2860.1,completed,customer280@email.com
TXN000282,2024-10-08,1699,PROD005,15,68.78,South,PayPal,1031.7,completed,customer281@email.com
TXN000283,2024-10-09,6088,PROD005,17,459.23,West,Credit Card,7806.91,completed,customer282@email.com
TXN000284,2024-10-10,1190,PROD003,40,363.12,East,Cash,14524.8,completed,customer283@email.com
TXN000285,2024-10-11,1980,PROD005,18,206.71,East,Debit Card,3720.78,completed,customer284@email.com
TXN000286,2024-10-12,3975,PROD002,9,87.73,North,Cash,789.57,completed,customer285@email.com
TXN000287,2024-10-13,7102,PROD003,25,442.18,West,Debit Card,11054.5,completed,customer286@email.com
TXN000288,2024-10-14,2184,PROD002,40,413.65,North,Cash,16546.0,completed,customer287@email.com
TXN000289,2024-10-15,4327,PROD001,14,363.64,East,Credit Card,5090.96,pending,customer288@email.com
TXN000290,2024-10-16,4394,PROD002,25,143.06,North,Debit Card,3576.5,completed,customer289@email.com
TXN000291,2024-10-17,9319,PROD001,22,207.2,East,Debit Card,4558.4,completed,invalid_email_290
TXN000292,2024-10-18,2816,PROD001,30,60.35,East,Debit Card,1810.5,completed,customer291@email.com
TXN000293,2024-10-19,6854,PROD002,20,102.63,North,PayPal,2052.6,completed,customer292@email.com
TXN000294,2024-10-20,7709,PROD003,21,393.68,North,PayPal,8267.28,completed,customer293@email.com
TXN000295,2024-10-21,1569,PROD005,44,360.37,South,Cash,15856.28,completed,customer294@email.com
TXN000296,2024-10-22,6442,PROD005,32,300.81,South,Credit Card,9625.92,completed,customer295@email.com
TXN000297,2024-10-23,2895,PROD001,46,448.91,South,PayPal,20649.86,completed,customer296@email.com
TXN000298,2024-10-24,3733,PROD001,49,295.8,East,Debit Card,14494.2,completed,invalid_email_297
TXN000299,2024-10-25,4863,PROD003,21,238.81,North,PayPal,5015.01,completed,customer298@email.com
TXN000300,2024-10-26,8455,PROD004,35,176.78,West,Credit Card,6187.3,pending,customer299@email.com
TXN000301,2024-10-27,5014,PROD002,32,470.82,East,PayPal,15066.24,completed,customer300@email.com
TXN000302,2024-10-28,2686,PROD001,30,50.53,West,Debit Card,1515.9,completed,customer301@email.com
TXN000303,2024-10-29,4009,PROD005,39,466.13,North,Cash,18179.07,completed,customer302@email.com
TXN000304,2024-10-30,8806,PROD003,49,415.09,East,Debit Card,20339.41,completed,customer303@email.com
TXN000305,2024-10-31,1154,PROD002,12,73.67,West,Credit Card,884.04,completed,customer304@email.com
TXN000306,2024-11-01,2409,PROD003,41,286.84,West,Cash,11760.44,completed,customer305@email.com
TXN000307,2024-11-02,1784,PROD002,47,434.61,South,PayPal,20426.67,pending,customer306@email.com
TXN000308,2024-11-03,9096,PROD002,18,290.19,South,PayPal,5223.42,pending,customer307@email.com
TXN000309,2024-11-04,8560,PROD001,21,454.53,South,PayPal,9545.13,completed,customer308@email.com
TXN000310,2024-11-05,8343,PROD003,13,472.06,East,Cash,6136.78,completed,customer309@email.com
TXN000311,2024-11-06,8206,PROD003,21,216.97,North,Debit Card,4556.37,pending,customer310@email.com
TXN000312,2024-11-07,6596,PROD005,8,194.88,North,Cash,1559.04,completed,customer311@email.com
TXN000313,2024-11-08,6801,PROD005,46,468.8,South,Cash,21564.8,pending,customer312@email.com
TXN000314,2024-11-09,3806,PROD001,40,340.82,South,Credit Card,13632.8,completed,customer313@email.com
TXN000315,2024-11-10,1537,PROD001,46,66.85,South,Cash,3075.1,completed,customer314@email.com
TXN000316,2024-11-11,6986,PROD004,7,30.72,West,PayPal,215.04,completed,customer315@email.com
TXN000317,2024-11-12,2841,PROD005,23,286.67,South,Debit Card,6593.41,completed,customer316@email.com
TXN000318,2024-11-13,9716,PROD002,44,465.78,West,Debit Card,20494.32,completed,customer317@email.com
TXN000319,2024-11-14,7971,PROD003,32,423.68,North,Debit Card,13557.76,completed,customer318@email.com
TXN000320,2024-11-15,6625,PROD001,11,341.17,East,PayPal,3752.87,completed,customer319@email.com
TXN000321,2024-11-16,3950,PROD003,22,78.17,East,PayPal,1719.74,completed,customer320@email.com
TXN000322,2024-11-17,8992,PROD003,22,134.57,East,PayPal,2960.54,completed,customer321@email.com
TXN000323,2024-11-18,5780,PROD004,43,439.0,East,PayPal,18877.0,completed,customer322@email.com
TXN000324,2024-11-19,3368,PROD005,25,99.58,West,PayPal,2489.5,completed,customer323@email.com
TXN000325,2024-11-20,7655,PROD001,22,146.44,West,Cash,3221.68,completed,customer324@email.com
TXN000326,2024-11-21,9173,PROD003,28,73.5,South,PayPal,2058.0,completed,customer325@email.com
TXN000327,2024-11-22,5495,PROD001,29,341.29,West,PayPal,9897.41,pending,customer326@email.com
TXN000328,2024-11-23,7002,PROD002,13,472.55,South,PayPal,6143.15,pending,customer327@email.com
TXN000329,2024-11-24,7614,PROD004,18,141.79,South,PayPal,2552.22,completed,customer328@email.com
TXN000330,2024-11-25,6919,PROD002,2,242.95,East,Debit Card,485.9,completed,customer329@email.com
TXN000331,2024-11-26,1853,PROD001,29,320.83,West,PayPal,9304.07,completed,customer330@email.com
TXN000332,2024-11-27,5146,PROD001,21,499.74,West,Cash,10494.54,cancelled,customer331@email.com
TXN000333,2024-11-28,4769,PROD005,15,61.36,South,Cash,920.4,completed,customer332@email.com
TXN000334,2024-11-29,1574,PROD003,27,254.3,South,Cash,6866.1,completed,customer333@email.com
TXN000335,2024-11-30,2148,PROD003,31,198.71,North,Credit Card,6160.01,completed,customer334@email.com
TXN000336,2024-12-01,7293,PROD002,15,434.25,North,Debit Card,6513.75,completed,customer335@email.com
TXN000337,2024-12-02,7457,PROD004,23,243.22,South,PayPal,5594.06,completed,customer336@email.com
TXN000338,2024-12-03,8509,PROD003,24,64.38,North,Credit Card,1545.12,completed,customer337@email.com
TXN000339,2024-12-04,5777,PROD005,44,320.87,North,PayPal,14118.28,pending,customer338@email.com
TXN000340,2024-12-05,4854,PROD002,13,387.68,South,Credit Card,5039.84,cancelled,customer339@email.com
TXN000341,2024-12-06,3491,PROD002,22,11.41,South,Credit Card,251.02,completed,customer340@email.com
TXN000342,2024-12-07,4124,PROD005,43,430.89,West,Cash,18528.27,completed,customer341@email.com
TXN000343,2024-12-08,6691,PROD004,37,101.15,South,Cash,3742.55,completed,customer342@email.com
TXN000344,2024-12-09,4051,PROD005,33,280.51,South,Credit Card,9256.83,completed,customer343@email.com
TXN000345,2024-12-10,1004,PROD004,3,213.74,East,Cash,641.22,completed,customer344@email.com
TXN000346,2024-12-11,6222,PROD005,19,362.63,West,Credit Card,6889.97,completed,customer345@email.com
TXN000347,2024-12-12,6315,PROD005,23,191.87,West,Debit Card,4413.01,completed,customer346@email.com
TXN000348,2024-12-13,5869,PROD001,29,436.18,West,Cash,12649.22,completed,customer347@email.com
TXN000349,2024-12-14,1876,PROD002,30,367.94,East,Cash,11038.2,completed,customer348@email.com
TXN000350,2024-12-15,8027,PROD005,39,327.38,South,Cash,12767.82,completed,customer349@email.com
TXN000351,2024-12-16,5142,PROD005,44,400.16,West,Debit Card,17607.04,completed,customer350@email.com
TXN000352,2024-12-17,7966,PROD003,47,379.47,West,Credit Card,17835.09,cancelled,customer351@email.com
TXN000353,2024-12-18,8079,PROD002,25,27.61,North,PayPal,690.25,pending,customer352@email.com
TXN000354,2024-12-19,8987,PROD003,37,203.42,West,Cash,7526.54,pending,customer353@email.com
TXN000355,2024-12-20,7799,PROD002,47,466.1,South,Credit Card,21906.7,completed,customer354@email.com
TXN000356,2024-12-21,5465,PROD003,8,71.6,South,Debit Card,572.8,completed,customer355@email.com
TXN000357,2024-12-22,1635,PROD005,42,371.18,North,PayPal,15589.56,completed,customer356@email.com
TXN000358,2024-12-23,2693,PROD005,16,487.55,West,Cash,7800.8,pending,customer357@email.com
TXN000359,2024-12-24,5752,PROD001,8,35.58,West,Debit Card,284.64,completed,customer358@email.com
TXN000360,2024-12-25,9311,PROD003,1,344.28,West,Debit Card,344.28,completed,customer359@email.com
TXN000361,2024-12-26,1830,PROD004,44,239.4,East,PayPal,10533.6,completed,customer360@email.com
TXN000362,2024-12-27,6177,PROD001,5,293.8,West,Credit Card,1469.0,completed,customer361@email.com
TXN000363,2024-12-28,9932,PROD003,3,51.82,South,Cash,155.46,completed,customer362@email.com
TXN000364,2024-12-29,9308,PROD003,1,31.07,South,Cash,31.07,completed,customer363@email.com
TXN000365,2024-12-30,6949,PROD001,4,336.76,East,Credit Card,1347.04,completed,customer364@email.com
TXN000366,2024-12-31,3838,PROD005,40,413.42,East,Credit Card,16536.8,completed,customer365@email.com
TXN000367,2025-01-01,2150,PROD003,35,393.19,West,Credit Card,13761.65,pending,customer366@email.com
TXN000368,2025-01-02,8560,PROD005,32,276.46,North,PayPal,8846.72,completed,customer367@email.com
TXN000369,2025-01-03,2931,PROD001,42,58.93,East,PayPal,2475.06,completed,invalid_email_368
TXN000370,2025-01-04,2664,PROD005,34,347.14,East,Cash,11802.76,completed,customer369@email.com
TXN000371,2025-01-05,2081,PROD002,43,128.53,West,PayPal,5526.79,pending,customer370@email.com
TXN000372,2025-01-06,1512,PROD004,25,456.42,West,Debit Card,11410.5,completed,customer371@email.com
TXN000373,2025-01-07,8805,PROD003,10,420.75,East,Cash,4207.5,cancelled,customer372@email.com
TXN000374,2025-01-08,6237,PROD004,21,357.6,North,PayPal,7509.6,completed,customer373@email.com
TXN000375,2025-01-09,1559,PROD005,46,474.93,East,Credit Card,21846.78,cancelled,customer374@email.com
TXN000376,2025-01-10,4672,PROD003,39,25.4,West,Debit Card,990.6,pending,customer375@email.com
TXN000377,2025-01-11,8404,PROD005,27,370.74,West,Credit Card,10009.98,completed,customer376@email.com
TXN000378,2025-01-12,4343,PROD002,27,171.82,East,Cash,4639.14,completed,customer377@email.com
TXN000379,2025-01-13,5070,PROD001,2,453.97,North,Credit Card,907.94,completed,customer378@email.com
TXN000380,2025-01-14,1580,PROD003,41,140.67,East,PayPal,5767.47,completed,customer379@email.com
TXN000381,2025-01-15,8004,PROD002,48,365.18,East,PayPal,17528.64,completed,customer380@email.com
TXN000382,2025-01-16,9130,PROD002,13,440.05,West,Cash,5720.65,completed,customer381@email.com
TXN000383,2025-01-17,4147,PROD003,9,30.41,North,Credit Card,273.69,completed,customer382@email.com
TXN000384,2025-01-18,5249,PROD005,36,204.85,South,Cash,7374.6,completed,customer383@email.com
TXN000385,2025-01-19,2679,PROD002,22,383.53,North,Credit Card,8437.66,completed,customer384@email.com
TXN000386,2025-01-20,4506,PROD004,42,232.91,East,Debit Card,9782.22,completed,customer385@email.com
TXN000387,2025-01-21,8253,PROD002,26,140.95,East,PayPal,3664.7,completed,customer386@email.com
TXN000388,2025-01-22,3744,PROD005,12,117.7,East,Cash,1412.4,completed,customer387@email.com
TXN000389,2025-01-23,6188,PROD005,17,74.44,North,Debit Card,1265.48,completed,customer388@email.com
TXN000390,2025-01-24,3141,PROD004,14,429.99,West,Debit Card,6019.86,completed,customer389@email.com
TXN000391,2025-01-25,7617,PROD002,14,291.92,East,Cash,4086.88,pending,customer390@email.com
TXN000392,2025-01-26,3479,PROD005,34,47.43,East,Cash,1612.62,completed,customer391@email.com
TXN000393,2025-01-27,7484,PROD003,20,197.46,North,Debit Card,3949.2,completed,customer392@email.com
TXN000394,2025-01-28,8421,PROD001,11,190.19,South,Credit Card,2092.09,completed,customer393@email.com
TXN000395,2025-01-29,5452,PROD001,16,99.05,South,Debit Card,1584.8,completed,invalid_email_394
TXN000396,2025-01-30,6881,PROD001,31,223.4,West,Cash,6925.4,pending,customer395@email.com
TXN000397,2025-01-31,7665,PROD002,6,172.73,West,Debit Card,1036.38,pending,customer396@email.com
TXN000398,2025-02-01,3849,PROD004,19,177.48,East,Credit Card,3372.12,completed,customer397@email.com
TXN000399,2025-02-02,8390,PROD005,37,372.12,North,PayPal,13768.44,completed,customer398@email.com
TXN000400,2025-02-03,7905,PROD003,4,119.4,East,PayPal,477.6,completed,customer399@email.com
TXN000401,2025-02-04,3489,PROD003,47,324.51,West,Debit Card,15251.97,completed,customer400@email.com
TXN000402,2025-02-05,5611,PROD002,4,289.62,North,Credit Card,1158.48,pending,customer401@email.com
TXN000403,2025-02-06,3839,PROD001,20,288.37,North,PayPal,5767.4,completed,customer402@email.com
TXN000404,2025-02-07,9527,PROD002,10,334.87,West,Debit Card,3348.7,completed,customer403@email.com
TXN000405,2025-02-08,6878,PROD004,24,278.71,South,Debit Card,6689.04,completed,customer404@email.com
TXN000406,2025-02-09,7303,PROD004,35,440.84,South,Credit Card,15429.4,completed,customer405@email.com
TXN000407,2025-02-10,1851,PROD005,26,341.03,North,Cash,8866.78,completed,customer406@email.com
TXN000408,2025-02-11,2687,PROD005,37,278.01,East,Debit Card,10286.37,completed,customer407@email.com
TXN000409,2025-02-12,7833,PROD004,38,416.58,South,Cash,15830.04,completed,customer408@email.com
TXN000410,2025-02-13,3427,PROD004,21,307.01,East,Cash,6447.21,completed,customer409@email.com
TXN000411,2025-02-14,5000,PROD004,40,152.66,South,PayPal,6106.4,completed,customer410@email.com
TXN000412,2025-02-15,6052,PROD002,39,111.48,South,Cash,4347.72,pending,customer411@email.com
TXN000413,2025-02-16,3738,PROD004,21,84.64,East,Credit Card,1777.44,completed,customer412@email.com
TXN000414,2025-02-17,6732,PROD003,10,450.73,West,PayPal,4507.3,completed,customer413@email.com
TXN000415,2025-02-18,6387,PROD001,38,357.97,South,PayPal,13602.86,completed,customer414@email.com
TXN000416,2025-02-19,9002,PROD004,46,469.32,South,PayPal,21588.72,completed,customer415@email.com
TXN000417,2025-02-20,6536,PROD001,4,305.61,East,Debit Card,1222.44,completed,customer416@email.com
TXN000418,2025-02-21,4913,PROD002,45,241.97,West,Debit Card,10888.65,completed,customer417@email.com
TXN000419,2025-02-22,2066,PROD001,20,39.26,South,Cash,785.2,completed,customer418@email.com
TXN000420,2025-02-23,8723,PROD002,17,339.1,South,PayPal,5764.7,pending,customer419@email.com
TXN000421,2025-02-24,5380,PROD003,7,295.28,West,PayPal,2066.96,completed,customer420@email.com
TXN000422,2025-02-25,5107,PROD002,4,495.2,South,Credit Card,1980.8,completed,customer421@email.com
TXN000423,2025-02-26,6726,PROD002,29,127.19,West,Cash,3688.51,completed,customer422@email.com
TXN000424,2025-02-27,4373,PROD005,14,270.06,West,Credit Card,3780.84,completed,customer423@email.com
TXN000425,2025-02-28,9945,PROD004,3,328.97,East,Cash,986.91,completed,customer424@email.com
TXN000426,2025-03-01,3082,PROD004,24,325.85,North,Cash,7820.4,completed,customer425@email.com
TXN000427,2025-03-02,9967,PROD003,37,285.03,West,Debit Card,10546.11,completed,customer426@email.com
TXN000428,2025-03-03,7748,PROD003,16,390.69,East,Debit Card,6251.04,completed,invalid_email_427
TXN000429,2025-03-04,1417,PROD004,4,110.44,North,Credit Card,441.76,completed,customer428@email.com
TXN000430,2025-03-05,9306,PROD005,24,365.56,South,Cash,8773.44,completed,customer429@email.com
TXN000431,2025-03-06,9808,PROD004,34,313.67,North,PayPal,10664.78,pending,customer430@email.com
TXN000432,2025-03-07,4974,PROD005,30,449.08,West,Debit Card,13472.4,completed,customer431@email.com
TXN000433,2025-03-08,4267,PROD003,18,425.13,West,PayPal,7652.34,completed,customer432@email.com
TXN000434,2025-03-09,1825,PROD001,19,164.42,West,Credit Card,3123.98,completed,customer433@email.com
TXN000435,2025-03-10,8668,PROD003,31,145.36,West,Debit Card,4506.16,completed,customer434@email.com
TXN000436,2025-03-11,6745,PROD003,19,491.01,West,Debit Card,9329.19,completed,customer435@email.com
TXN000437,2025-03-12,1412,PROD002,49,268.36,East,Cash,13149.64,completed,customer436@email.com
TXN000438,2025-03-13,8543,PROD002,46,454.15,West,Credit Card,20890.9,completed,customer437@email.com
TXN000439,2025-03-14,8587,PROD002,19,90.3,East,Cash,1715.7,completed,customer438@email.com
TXN000440,2025-03-15,1728,PROD002,22,324.98,South,Debit Card,7149.56,completed,customer439@email.com
TXN000441,2025-03-16,8164,PROD005,24,406.83,West,Credit Card,9763.92,completed,customer440@email.com
TXN000442,2025-03-17,9867,PROD004,45,474.22,West,Debit Card,21339.9,pending,customer441@email.com
TXN000443,2025-03-18,6988,PROD001,12,175.3,North,Credit Card,2103.6,completed,customer442@email.com
TXN000444,2025-03-19,3504,PROD003,30,365.24,South,Debit Card,10957.2,completed,customer443@email.com
TXN000445,2025-03-20,3967,PROD005,38,274.02,West,PayPal,10412.76,completed,customer444@email.com
TXN000446,2025-03-21,3786,PROD001,31,39.71,West,PayPal,1231.01,completed,customer445@email.com
TXN000447,2025-03-22,2122,PROD005,36,348.1,South,Cash,12531.6,completed,customer446@email.com
TXN000448,2025-03-23,5079,PROD005,19,348.15,East,PayPal,6614.85,completed,customer447@email.com
TXN000449,2025-03-24,2571,PROD003,48,466.0,West,Debit Card,22368.0,completed,customer448@email.com
TXN000450,2025-03-25,6073,PROD004,45,253.68,North,Debit Card,11415.6,completed,customer449@email.com
TXN000451,2025-03-26,6104,PROD002,36,122.82,West,PayPal,4421.52,completed,customer450@email.com
TXN000452,2025-03-27,3143,PROD004,30,31.84,North,Cash,955.2,completed,customer451@email.com
TXN000453,2025-03-28,7806,PROD003,49,213.66,North,PayPal,10469.34,pending,customer452@email.com
TXN000454,2025-03-29,8357,PROD003,33,157.94,West,Credit Card,5212.02,completed,customer453@email.com
TXN000455,2025-03-30,4440,PROD003,18,382.93,West,Credit Card,6892.74,pending,customer454@email.com
TXN000456,2025-03-31,4766,PROD001,49,183.59,North,Credit Card,8995.91,completed,customer455@email.com
TXN000457,2025-04-01,6644,PROD004,28,475.04,South,PayPal,13301.12,completed,customer456@email.com
TXN000458,2025-04-02,3914,PROD004,47,481.53,South,PayPal,22631.91,pending,customer457@email.com
TXN000459,2025-04-03,5968,PROD005,11,314.25,West,PayPal,3456.75,completed,customer458@email.com
TXN000460,2025-04-04,6917,PROD005,45,465.04,East,Credit Card,20926.8,cancelled,customer459@email.com
TXN000461,2025-04-05,9787,PROD005,33,382.82,South,Cash,12633.06,completed,customer460@email.com
TXN000462,2025-04-06,1728,PROD003,17,277.96,West,Debit Card,4725.32,completed,customer461@email.com
TXN000463,2025-04-07,2365,PROD004,6,98.35,South,PayPal,590.1,pending,customer462@email.com
TXN000464,2025-04-08,5492,PROD003,4,234.71,East,Cash,938.84,completed,customer463@email.com
TXN000465,2025-04-09,1698,PROD001,20,284.83,West,Debit Card,5696.6,cancelled,customer464@email.com
TXN000466,2025-04-10,8186,PROD005,48,433.34,East,Debit Card,20800.32,cancelled,customer465@email.com
TXN000467,2025-04-11,1395,PROD003,47,245.85,West,Debit Card,11554.95,completed,customer466@email.com
TXN000468,2025-04-12,8400,PROD003,27,449.86,East,Cash,12146.22,completed,customer467@email.com
TXN000469,2025-04-13,9082,PROD001,15,340.43,South,Cash,5106.45,completed,customer468@email.com
TXN000470,2025-04-14,5171,PROD002,6,77.13,South,Credit Card,462.78,completed,customer469@email.com
TXN000471,2025-04-15,5360,PROD004,47,497.54,East,Cash,23384.38,completed,customer470@email.com
TXN000472,2025-04-16,3502,PROD002,14,268.34,East,Cash,3756.76,completed,customer471@email.com
TXN000473,2025-04-17,1717,PROD005,11,202.01,East,Cash,2222.11,completed,customer472@email.com
TXN000474,2025-04-18,3782,PROD003,39,332.97,West,Debit Card,12985.83,completed,customer473@email.com
TXN000475,2025-04-19,5946,PROD001,9,63.36,South,PayPal,570.24,cancelled,customer474@email.com
TXN000476,2025-04-20,6486,PROD001,26,321.9,West,Credit Card,8369.4,completed,customer475@email.com
TXN000477,2025-04-21,9335,PROD004,16,254.14,South,PayPal,4066.24,completed,customer476@email.com
TXN000478,2025-04-22,5980,PROD002,5,209.27,North,PayPal,1046.35,completed,customer477@email.com
TXN000479,2025-04-23,8266,PROD004,10,476.98,West,Cash,4769.8,completed,customer478@email.com
TXN000480,2025-04-24,5491,PROD003,3,266.04,South,Credit Card,798.12,completed,customer479@email.com
TXN000481,2025-04-25,8192,PROD004,13,117.37,South,PayPal,1525.81,completed,customer480@email.com
TXN000482,2025-04-26,6588,PROD001,43,234.89,West,PayPal,10100.27,cancelled,invalid_email_481
TXN000483,2025-04-27,8651,PROD001,49,460.5,West,Credit Card,22564.5,completed,customer482@email.com
TXN000484,2025-04-28,4636,PROD005,30,96.29,South,Cash,2888.7,completed,customer483@email.com
TXN000485,2025-04-29,2167,PROD005,45,114.84,West,PayPal,5167.8,completed,customer484@email.com
TXN000486,2025-04-30,2062,PROD003,6,16.38,East,Debit Card,98.28,pending,customer485@email.com
TXN000487,2025-05-01,3156,PROD002,17,16.95,West,PayPal,288.15,completed,customer486@email.com
TXN000488,2025-05-02,8860,PROD004,45,416.4,West,Debit Card,18738.0,completed,customer487@email.com
TXN000489,2025-05-03,6161,PROD003,19,368.74,West,Cash,7006.06,completed,customer488@email.com
TXN000490,2025-05-04,6305,PROD005,42,183.97,South,PayPal,7726.74,completed,customer489@email.com
TXN000491,2025-05-05,7541,PROD004,35,352.17,East,Credit Card,12325.95,completed,customer490@email.com
TXN000492,2025-05-06,5729,PROD005,46,203.65,North,Credit Card,9367.9,completed,customer491@email.com
TXN000493,2025-05-07,8330,PROD004,26,476.92,North,PayPal,12399.92,pending,customer492@email.com
TXN000494,2025-05-08,6334,PROD002,5,483.86,East,Cash,2419.3,completed,customer493@email.com
TXN000495,2025-05-09,9924,PROD003,29,202.47,East,Cash,5871.63,completed,customer494@email.com
TXN000496,2025-05-10,5330,PROD004,37,428.57,East,Credit Card,15857.09,completed,customer495@email.com
TXN000497,2025-05-11,9010,PROD001,20,388.81,South,PayPal,7776.2,completed,customer496@email.com
TXN000498,2025-05-12,7801,PROD001,49,161.9,North,Cash,7933.1,completed,customer497@email.com
TXN000499,2025-05-13,5846,PROD004,21,123.7,East,Credit Card,2597.7,completed,customer498@email.com
TXN000500,2025-05-14,7731,PROD004,10,234.53,South,Debit Card,2345.3,completed,customer499@email.com
TXN000501,2025-05-15,8241,PROD004,5,392.86,North,PayPal,1964.3,completed,customer500@email.com
TXN000502,2025-05-16,1953,PROD001,36,480.48,West,Debit Card,17297.28,completed,customer501@email.com
TXN000503,2025-05-17,3539,PROD001,6,384.15,South,Debit Card,2304.9,completed,customer502@email.com
TXN000504,2025-05-18,8056,PROD004,26,429.05,North,Cash,11155.3,completed,customer503@email.com
TXN000505,2025-05-19,2542,PROD005,4,305.5,South,Cash,1222.0,completed,customer504@email.com
TXN000506,2025-05-20,6293,PROD005,39,419.35,North,Cash,16354.65,completed,customer505@email.com
TXN000507,2025-05-21,2191,PROD002,39,394.37,North,PayPal,15380.43,cancelled,customer506@email.com
TXN000508,2025-05-22,7313,PROD003,35,194.72,West,Debit Card,6815.2,completed,customer507@email.com
TXN000509,2025-05-23,7938,PROD005,1,280.48,South,PayPal,280.48,completed,customer508@email.com
TXN000510,2025-05-24,3681,PROD001,24,404.33,East,Cash,9703.92,pending,customer509@email.com
TXN000511,2025-05-25,2540,PROD005,36,32.57,West,Debit Card,1172.52,cancelled,customer510@email.com
TXN000512,2025-05-26,7172,PROD002,6,405.96,West,PayPal,2435.76,completed,customer511@email.com
TXN000513,2025-05-27,6541,PROD002,41,97.17,North,PayPal,3983.97,completed,customer512@email.com
TXN000514,2025-05-28,2365,PROD003,46,262.19,East,Credit Card,12060.74,completed,customer513@email.com
TXN000515,2025-05-29,9691,PROD005,44,406.05,South,PayPal,17866.2,completed,customer514@email.com
TXN000516,2025-05-30,9702,PROD001,31,134.37,East,Cash,4165.47,completed,customer515@email.com
TXN000517,2025-05-31,8494,PROD001,20,130.45,East,PayPal,2609.0,completed,customer516@email.com
TXN000518,2025-06-01,5312,PROD004,24,207.35,East,Debit Card,4976.4,completed,customer517@email.com
TXN000519,2025-06-02,2324,PROD001,25,448.37,East,PayPal,11209.25,completed,invalid_email_518
TXN000520,2025-06-03,4141,PROD003,36,10.22,East,Credit Card,367.92,completed,customer519@email.com
TXN000521,2025-06-04,8419,PROD003,21,451.68,North,Debit Card,9485.28,completed,customer520@email.com
TXN000522,2025-06-05,4486,PROD001,30,85.37,North,Debit Card,2561.1,completed,customer521@email.com
TXN000523,2025-06-06,2810,PROD001,24,495.14,West,Credit Card,11883.36,completed,customer522@email.com
TXN000524,2025-06-07,7588,PROD004,44,477.88,North,Cash,21026.72,completed,customer523@email.com
TXN000525,2025-06-08,3923,PROD001,42,252.39,West,Debit Card,10600.38,completed,customer524@email.com
TXN000526,2025-06-09,6301,PROD004,30,261.23,West,Cash,7836.9,completed,customer525@email.com
TXN000527,2025-06-10,5186,PROD004,22,245.96,South,Debit Card,5411.12,cancelled,customer526@email.com
TXN000528,2025-06-11,9905,PROD001,28,321.37,East,Debit Card,8998.36,completed,customer527@email.com
TXN000529,2025-06-12,6977,PROD002,7,54.45,North,Cash,381.15,completed,customer528@email.com
TXN000530,2025-06-13,5268,PROD002,35,25.98,South,Debit Card,909.3,cancelled,customer529@email.com
TXN000531,2025-06-14,5748,PROD004,28,38.27,North,Cash,1071.56,completed,customer530@email.com
TXN000532,2025-06-15,5849,PROD001,14,227.74,West,Credit Card,3188.36,completed,customer531@email.com
TXN000533,2025-06-16,4709,PROD002,10,145.02,North,Cash,1450.2,pending,customer532@email.com
TXN000534,2025-06-17,7619,PROD001,16,314.8,East,Credit Card,5036.8,completed,customer533@email.com
TXN000535,2025-06-18,9647,PROD001,16,496.3,West,Debit Card,7940.8,completed,customer534@email.com
TXN000536,2025-06-19,4072,PROD001,31,199.3,West,Cash,6178.3,completed,customer535@email.com
TXN000537,2025-06-20,7530,PROD005,42,291.18,South,Debit Card,12229.56,completed,customer536@email.com
TXN000538,2025-06-21,1504,PROD001,25,213.65,East,Cash,5341.25,completed,customer537@email.com
TXN000539,2025-06-22,2214,PROD005,13,425.16,West,Credit Card,5527.08,completed,customer538@email.com
TXN000540,2025-06-23,2531,PROD004,6,452.1,East,Credit Card,2712.6,completed,customer539@email.com
TXN000541,2025-06-24,8576,PROD002,44,439.9,North,Cash,19355.6,completed,customer540@email.com
TXN000542,2025-06-25,1823,PROD002,9,487.44,East,Credit Card,4386.96,completed,customer541@email.com
TXN000543,2025-06-26,1928,PROD002,45,23.48,West,Debit Card,1056.6,completed,customer542@email.com
TXN000544,2025-06-27,6029,PROD002,36,421.51,South,Debit Card,15174.36,completed,customer543@email.com
TXN000545,2025-06-28,1133,PROD002,43,378.37,West,PayPal,16269.91,completed,customer544@email.com
TXN000546,2025-06-29,3105,PROD002,20,122.06,East,Credit Card,2441.2,completed,customer545@email.com
TXN000547,2025-06-30,4627,PROD002,18,478.6,East,Debit Card,8614.8,completed,customer546@email.com
TXN000548,2025-07-01,7316,PROD004,43,82.61,West,Cash,3552.23,completed,customer547@email.com
TXN000549,2025-07-02,2852,PROD001,21,342.98,East,Credit Card,7202.58,completed,customer548@email.com
TXN000550,2025-07-03,5910,PROD003,4,120.2,North,Debit Card,480.8,pending,customer549@email.com
TXN000551,2025-07-04,5175,PROD005,33,221.38,West,Credit Card,7305.54,completed,customer550@email.com
TXN000552,2025-07-05,6348,PROD003,27,362.39,South,Cash,9784.53,completed,customer551@email.com
TXN000553,2025-07-06,7190,PROD003,7,286.03,West,Debit Card,2002.21,completed,customer552@email.com
TXN000554,2025-07-07,2256,PROD001,6,219.48,North,PayPal,1316.88,pending,customer553@email.com
TXN000555,2025-07-08,4376,PROD001,15,169.91,North,PayPal,2548.65,completed,customer554@email.com
TXN000556,2025-07-09,6645,PROD001,18,421.43,North,Credit Card,7585.74,completed,customer555@email.com
TXN000557,2025-07-10,4486,PROD002,32,80.47,North,Cash,2575.04,completed,customer556@email.com
TXN000558,2025-07-11,4584,PROD004,11,220.75,North,Debit Card,2428.25,completed,customer557@email.com
TXN000559,2025-07-12,9053,PROD002,20,452.84,South,Cash,9056.8,completed,customer558@email.com
TXN000560,2025-07-13,4330,PROD004,24,424.47,East,Debit Card,10187.28,completed,customer559@email.com
TXN000561,2025-07-14,3703,PROD004,15,206.46,North,Credit Card,3096.9,cancelled,customer560@email.com
TXN000562,2025-07-15,9662,PROD003,48,383.92,North,Debit Card,18428.16,completed,customer561@email.com
TXN000563,2025-07-16,9120,PROD003,7,413.35,West,Cash,2893.45,completed,customer562@email.com
TXN000564,2025-07-17,8114,PROD004,21,445.55,South,Cash,9356.55,pending,customer563@email.com
TXN000565,2025-07-18,2353,PROD004,42,276.81,South,Credit Card,11626.02,completed,customer564@email.com
TXN000566,2025-07-19,6063,PROD002,26,110.19,East,Cash,2864.94,completed,customer565@email.com
TXN000567,2025-07-20,9549,PROD002,44,135.1,South,Debit Card,5944.4,completed,customer566@email.com
TXN000568,2025-07-21,8575,PROD003,14,154.89,West,Credit Card,2168.46,completed,customer567@email.com
TXN000569,2025-07-22,1667,PROD001,37,300.96,West,Debit Card,11135.52,completed,customer568@email.com
TXN000570,2025-07-23,5468,PROD004,21,26.08,East,Cash,547.68,completed,customer569@email.com
TXN000571,2025-07-24,7819,PROD002,18,321.66,West,Credit Card,5789.88,completed,customer570@email.com
TXN000572,2025-07-25,4719,PROD003,5,188.53,North,Debit Card,942.65,completed,customer571@email.com
TXN000573,2025-07-26,3745,PROD002,3,154.67,North,Cash,464.01,completed,customer572@email.com
TXN000574,2025-07-27,8483,PROD004,23,440.95,West,Cash,10141.85,completed,customer573@email.com
TXN000575,2025-07-28,1539,PROD004,26,235.4,East,PayPal,6120.4,completed,customer574@email.com
TXN000576,2025-07-29,5964,PROD005,37,56.58,South,Cash,2093.46,completed,customer575@email.com
TXN000577,2025-07-30,5835,PROD001,24,415.11,East,Debit Card,9962.64,completed,customer576@email.com
TXN000578,2025-07-31,4775,PROD005,49,33.34,South,Credit Card,1633.66,completed,customer577@email.com
TXN000579,2025-08-01,7042,PROD003,19,366.11,West,PayPal,6956.09,pending,customer578@email.com
TXN000580,2025-08-02,8102,PROD002,25,389.21,West,Cash,9730.25,completed,customer579@email.com
TXN000581,2025-08-03,8312,PROD003,21,182.78,North,Cash,3838.38,completed,customer580@email.com
TXN000582,2025-08-04,6320,PROD004,12,414.15,South,Cash,4969.8,completed,customer581@email.com
TXN000583,2025-08-05,7132,PROD005,41,262.67,East,Debit Card,10769.47,completed,customer582@email.com
TXN000584,2025-08-06,8891,PROD005,33,237.01,West,PayPal,7821.33,completed,customer583@email.com
TXN000585,2025-08-07,3779,PROD005,4,32.25,East,Debit Card,129.0,completed,customer584@email.com
TXN000586,2025-08-08,1924,PROD003,42,152.11,North,PayPal,6388.62,completed,customer585@email.com
TXN000587,2025-08-09,2581,PROD004,7,466.19,South,Credit Card,3263.33,completed,customer586@email.com
TXN000588,2025-08-10,8714,PROD002,22,201.99,South,Debit Card,4443.78,completed,customer587@email.com
TXN000589,2025-08-11,4324,PROD002,33,277.88,West,Debit Card,9170.04,completed,customer588@email.com
TXN000590,2025-08-12,6713,PROD003,17,270.69,South,Credit Card,4601.73,completed,customer589@email.com
TXN000591,2025-08-13,8026,PROD005,24,299.31,West,PayPal,7183.44,completed,customer590@email.com
TXN000592,2025-08-14,1255,PROD001,34,40.05,North,Cash,1361.7,completed,customer591@email.com
TXN000593,2025-08-15,5804,PROD003,28,187.47,South,Credit Card,5249.16,completed,customer592@email.com
TXN000594,2025-08-16,2838,PROD003,43,364.33,West,Cash,15666.19,completed,customer593@email.com
TXN000595,2025-08-17,1009,PROD004,41,108.27,East,Cash,4439.07,completed,customer594@email.com
TXN000596,2025-08-18,3871,PROD002,39,109.75,West,Credit Card,4280.25,completed,customer595@email.com
TXN000597,2025-08-19,9989,PROD003,22,14.94,South,PayPal,328.68,completed,customer596@email.com
TXN000598,2025-08-20,8409,PROD003,49,224.37,North,Cash,10994.13,completed,customer597@email.com
TXN000599,2025-08-21,8418,PROD005,17,442.54,South,Credit Card,7523.18,completed,invalid_email_598
TXN000600,2025-08-22,6124,PROD005,34,35.43,South,Debit Card,1204.62,completed,customer599@email.com
TXN000601,2025-08-23,2015,PROD001,6,103.65,West,Debit Card,621.9,pending,customer600@email.com
TXN000602,2025-08-24,3193,PROD004,46,161.94,East,Debit Card,7449.24,completed,customer601@email.com
TXN000603,2025-08-25,9415,PROD001,6,368.55,South,Credit Card,2211.3,completed,customer602@email.com
TXN000604,2025-08-26,8449,PROD005,34,323.91,East,Debit Card,11012.94,completed,customer603@email.com
TXN000605,2025-08-27,5158,PROD002,1,213.81,West,Cash,213.81,completed,customer604@email.com
TXN000606,2025-08-28,4925,PROD005,10,381.94,East,Debit Card,3819.4,pending,customer605@email.com
TXN000607,2025-08-29,7970,PROD004,21,308.72,West,Debit Card,6483.12,completed,customer606@email.com
TXN000608,2025-08-30,7938,PROD005,5,449.06,North,Cash,2245.3,completed,customer607@email.com
TXN000609,2025-08-31,5784,PROD004,2,410.83,East,Debit Card,821.66,completed,customer608@email.com
TXN000610,2025-09-01,5000,PROD004,22,133.88,East,Cash,2945.36,completed,customer609@email.com
TXN000611,2025-09-02,2633,PROD004,48,143.0,North,Debit Card,6864.0,completed,customer610@email.com
TXN000612,2025-09-03,8266,PROD004,2,71.42,East,Cash,142.84,completed,customer611@email.com
TXN000613,2025-09-04,9702,PROD004,10,175.11,North,Debit Card,1751.1,completed,customer612@email.com
TXN000614,2025-09-05,1384,PROD002,34,499.78,South,Cash,16992.52,completed,customer613@email.com
TXN000615,2025-09-06,1404,PROD001,16,208.82,West,Credit Card,3341.12,completed,customer614@email.com
TXN000616,2025-09-07,9175,PROD003,48,118.04,North,Cash,5665.92,pending,customer615@email.com
TXN000617,2025-09-08,3000,PROD001,39,383.62,East,Debit Card,14961.18,completed,customer616@email.com
TXN000618,2025-09-09,6989,PROD004,22,275.81,North,Debit Card,6067.82,completed,customer617@email.com
TXN000619,2025-09-10,2460,PROD002,12,83.3,East,PayPal,999.6,completed,customer618@email.com
TXN000620,2025-09-11,8190,PROD005,24,196.54,South,Cash,4716.96,completed,customer619@email.com
TXN000621,2025-09-12,8140,PROD002,47,213.09,North,Credit Card,10015.23,completed,customer620@email.com
TXN000622,2025-09-13,4636,PROD004,40,379.38,South,Cash,15175.2,completed,customer621@email.com
TXN000623,2025-09-14,5809,PROD002,38,20.13,West,Cash,764.94,completed,customer622@email.com
TXN000624,2025-09-15,5178,PROD002,10,141.82,East,Credit Card,1418.2,pending,customer623@email.com
TXN000625,2025-09-16,8245,PROD004,35,263.62,East,Cash,9226.7,completed,customer624@email.com
TXN000626,2025-09-17,7600,PROD002,49,141.73,South,Credit Card,6944.77,completed,customer625@email.com
TXN000627,2025-09-18,6997,PROD003,32,317.93,West,Credit Card,10173.76,completed,customer626@email.com
TXN000628,2025-09-19,3048,PROD003,7,246.12,North,Cash,1722.84,completed,customer627@email.com
TXN000629,2025-09-20,5780,PROD002,21,187.24,North,Cash,3932.04,completed,customer628@email.com
TXN000630,2025-09-21,1716,PROD005,20,475.11,East,Debit Card,9502.2,completed,customer629@email.com
TXN000631,2025-09-22,8939,PROD004,26,319.76,South,Debit Card,8313.76,completed,customer630@email.com
TXN000632,2025-09-23,6565,PROD003,4,73.67,South,PayPal,294.68,cancelled,customer631@email.com
TXN000633,2025-09-24,5544,PROD005,46,284.44,North,PayPal,13084.24,completed,customer632@email.com
TXN000634,2025-09-25,5976,PROD002,22,392.56,West,Cash,8636.32,completed,customer633@email.com
TXN000635,2025-09-26,4419,PROD005,15,357.16,West,Credit Card,5357.4,completed,customer634@email.com
TXN000636,2025-09-27,8239,PROD001,40,94.32,North,PayPal,3772.8,completed,customer635@email.com
TXN000637,2025-09-28,1249,PROD003,21,486.49,North,Cash,10216.29,completed,customer636@email.com
TXN000638,2025-09-29,9865,PROD002,15,229.92,South,PayPal,3448.8,completed,invalid_email_637
TXN000639,2025-09-30,1770,PROD004,22,87.92,West,Credit Card,1934.24,completed,customer638@email.com
TXN000640,2025-10-01,5363,PROD002,28,98.3,North,Cash,2752.4,completed,customer639@email.com
TXN000641,2025-10-02,2077,PROD004,14,58.14,North,Credit Card,813.96,completed,customer640@email.com
TXN000642,2025-10-03,9427,PROD002,27,403.72,East,Cash,10900.44,completed,customer641@email.com
TXN000643,2025-10-04,9580,PROD005,41,69.79,North,PayPal,2861.39,completed,customer642@email.com
TXN000644,2025-10-05,8901,PROD005,40,71.31,North,Debit Card,2852.4,completed,customer643@email.com
TXN000645,2025-10-06,5858,PROD005,28,426.73,West,PayPal,11948.44,completed,customer644@email.com
TXN000646,2025-10-07,7544,PROD001,26,178.86,South,PayPal,4650.36,completed,customer645@email.com
TXN000647,2025-10-08,5719,PROD004,49,25.12,West,Debit Card,1230.88,completed,customer646@email.com
TXN000648,2025-10-09,3814,PROD005,2,35.43,South,Debit Card,70.86,completed,customer647@email.com
TXN000649,2025-10-10,4374,PROD001,25,79.66,East,Cash,1991.5,completed,customer648@email.com
TXN000650,2025-10-11,2252,PROD004,3,114.56,North,Cash,343.68,completed,customer649@email.com
TXN000651,2025-10-12,7996,PROD002,8,335.92,East,Credit Card,2687.36,completed,customer650@email.com
TXN000652,2025-10-13,5673,PROD001,44,87.09,South,Credit Card,3831.96,completed,customer651@email.com
TXN000653,2025-10-14,5530,PROD003,33,68.25,West,PayPal,2252.25,completed,customer652@email.com
TXN000654,2025-10-15,7881,PROD001,42,384.71,West,Debit Card,16157.82,completed,customer653@email.com
TXN000655,2025-10-16,7949,PROD001,35,338.82,East,Credit Card,11858.7,completed,customer654@email.com
TXN000656,2025-10-17,7241,PROD004,6,223.31,South,PayPal,1339.86,completed,customer655@email.com
TXN000657,2025-10-18,9017,PROD002,39,279.16,East,Debit Card,10887.24,completed,customer656@email.com
TXN000658,2025-10-19,7941,PROD003,23,162.87,East,Cash,3746.01,completed,customer657@email.com
TXN000659,2025-10-20,8002,PROD005,25,246.43,North,PayPal,6160.75,completed,customer658@email.com
TXN000660,2025-10-21,2331,PROD005,43,258.27,East,Cash,11105.61,cancelled,customer659@email.com
TXN000661,2025-10-22,5261,PROD001,19,199.75,North,Credit Card,3795.25,completed,customer660@email.com
TXN000662,2025-10-23,8648,PROD004,5,454.22,North,Credit Card,2271.1,completed,customer661@email.com
TXN000663,2025-10-24,6115,PROD004,11,17.87,West,Debit Card,196.57,completed,customer662@email.com
TXN000664,2025-10-25,5637,PROD005,12,393.26,North,PayPal,4719.12,completed,customer663@email.com
TXN000665,2025-10-26,5854,PROD003,10,70.95,North,Cash,709.5,completed,customer664@email.com
TXN000666,2025-10-27,4177,PROD002,8,400.8,West,Debit Card,3206.4,completed,customer665@email.com
TXN000667,2025-10-28,8730,PROD003,24,311.8,East,Credit Card,7483.2,completed,customer666@email.com
TXN000668,2025-10-29,3180,PROD002,28,423.21,South,Credit Card,11849.88,completed,customer667@email.com
TXN000669,2025-10-30,5892,PROD005,41,57.78,South,PayPal,2368.98,completed,customer668@email.com
TXN000670,2025-10-31,8043,PROD002,36,283.9,South,Cash,10220.4,completed,customer669@email.com
TXN000671,2025-11-01,1137,PROD004,37,255.53,East,PayPal,9454.61,completed,customer670@email.com
TXN000672,2025-11-02,7327,PROD001,21,356.03,North,Cash,7476.63,completed,customer671@email.com
TXN000673,2025-11-03,4472,PROD001,8,271.8,South,Cash,2174.4,completed,customer672@email.com
TXN000674,2025-11-04,6449,PROD005,9,274.96,East,PayPal,2474.64,pending,customer673@email.com
TXN000675,2025-11-05,3832,PROD004,47,220.5,North,Debit Card,10363.5,pending,customer674@email.com
TXN000676,2025-11-06,4579,PROD003,15,161.33,West,PayPal,2419.95,completed,customer675@email.com
TXN000677,2025-11-07,6971,PROD004,48,246.31,South,PayPal,11822.88,completed,customer676@email.com
TXN000678,2025-11-08,5164,PROD001,46,68.06,North,Credit Card,3130.76,pending,customer677@email.com
TXN000679,2025-11-09,8941,PROD001,40,481.14,South,Credit Card,19245.6,completed,customer678@email.com
TXN000680,2025-11-10,6569,PROD004,18,360.06,South,PayPal,6481.08,completed,customer679@email.com
TXN000681,2025-11-11,5300,PROD004,42,476.71,South,PayPal,20021.82,pending,customer680@email.com
TXN000682,2025-11-12,7269,PROD001,20,121.1,North,Credit Card,2422.0,completed,customer681@email.com
TXN000683,2025-11-13,4818,PROD003,6,440.88,East,Cash,2645.28,completed,customer682@email.com
TXN000684,2025-11-14,2906,PROD005,12,406.31,North,PayPal,4875.72,completed,customer683@email.com
TXN000685,2025-11-15,7254,PROD005,2,341.8,South,Debit Card,683.6,completed,invalid_email_684
TXN000686,2025-11-16,1760,PROD004,7,316.26,North,Debit Card,2213.82,completed,customer685@email.com
TXN000687,2025-11-17,8830,PROD005,16,165.11,West,Debit Card,2641.76,completed,customer686@email.com
TXN000688,2025-11-18,8350,PROD001,3,410.04,East,PayPal,1230.12,completed,customer687@email.com
TXN000689,2025-11-19,7238,PROD001,45,255.74,North,Cash,11508.3,completed,customer688@email.com
TXN000690,2025-11-20,7090,PROD004,3,44.74,West,Cash,134.22,completed,customer689@email.com
TXN000691,2025-11-21,7031,PROD004,27,163.3,East,Credit Card,4409.1,completed,customer690@email.com
TXN000692,2025-11-22,8687,PROD004,43,468.3,West,PayPal,20136.9,completed,customer691@email.com
TXN000693,2025-11-23,9472,PROD003,40,426.83,East,Cash,17073.2,pending,customer692@email.com
TXN000694,2025-11-24,2887,PROD005,38,491.13,North,PayPal,18662.94,completed,customer693@email.com
TXN000695,2025-11-25,4266,PROD004,33,317.72,West,Credit Card,10484.76,completed,customer694@email.com
TXN000696,2025-11-26,1666,PROD002,28,131.28,South,Credit Card,3675.84,completed,customer695@email.com
TXN000697,2025-11-27,5188,PROD002,1,89.78,West,Credit Card,89.78,completed,customer696@email.com
TXN000698,2025-11-28,1671,PROD001,8,101.59,East,Debit Card,812.72,completed,customer697@email.com
TXN000699,2025-11-29,7777,PROD005,37,19.7,North,PayPal,728.9,completed,customer698@email.com
TXN000700,2025-11-30,8570,PROD004,32,201.43,East,Credit Card,6445.76,completed,customer699@email.com
TXN000701,2025-12-01,8956,PROD002,48,103.8,West,PayPal,4982.4,completed,customer700@email.com
TXN000702,2025-12-02,6124,PROD005,43,211.71,West,Debit Card,9103.53,completed,customer701@email.com
TXN000703,2025-12-03,6585,PROD001,37,468.15,South,Debit Card,17321.55,completed,customer702@email.com
TXN000704,2025-12-04,5777,PROD003,4,220.96,North,Credit Card,883.84,completed,customer703@email.com
TXN000705,2025-12-05,4900,PROD005,30,440.21,North,Credit Card,13206.3,completed,customer704@email.com
TXN000706,2025-12-06,7677,PROD005,6,306.7,West,Cash,1840.2,completed,customer705@email.com
TXN000707,2025-12-07,7981,PROD003,46,131.09,North,PayPal,6030.14,completed,customer706@email.com
TXN000708,2025-12-08,7376,PROD005,19,184.37,South,Credit Card,3503.03,pending,customer707@email.com
TXN000709,2025-12-09,1523,PROD001,32,51.12,East,Cash,1635.84,completed,customer708@email.com
TXN000710,2025-12-10,3393,PROD001,9,173.4,North,PayPal,1560.6,completed,customer709@email.com
TXN000711,2025-12-11,3593,PROD003,12,342.0,West,Credit Card,4104.0,completed,customer710@email.com
TXN000712,2025-12-12,8240,PROD004,11,45.33,East,Cash,498.63,completed,customer711@email.com
TXN000713,2025-12-13,7937,PROD002,46,110.65,East,Cash,5089.9,completed,customer712@email.com
TXN000714,2025-12-14,7190,PROD004,16,196.91,South,PayPal,3150.56,completed,customer713@email.com
TXN000715,2025-12-15,6240,PROD005,1,491.2,West,Cash,491.2,completed,customer714@email.com
TXN000716,2025-12-16,7493,PROD002,45,394.58,North,PayPal,17756.1,completed,customer715@email.com
TXN000717,2025-12-17,3878,PROD003,21,369.41,West,PayPal,7757.61,completed,customer716@email.com
TXN000718,2025-12-18,5143,PROD003,30,66.93,East,PayPal,2007.9,completed,customer717@email.com
TXN000719,2025-12-19,4644,PROD002,13,392.69,West,Debit Card,5104.97,completed,customer718@email.com
TXN000720,2025-12-20,5432,PROD001,34,394.78,North,Cash,13422.52,completed,customer719@email.com
TXN000721,2025-12-21,2276,PROD002,4,304.54,North,PayPal,1218.16,completed,customer720@email.com
TXN000722,2025-12-22,6811,PROD005,28,495.28,South,Credit Card,13867.84,completed,customer721@email.com
TXN000723,2025-12-23,1302,PROD001,38,169.37,North,Debit Card,6436.06,completed,customer722@email.com
TXN000724,2025-12-24,1638,PROD003,31,471.22,North,Debit Card,14607.82,completed,customer723@email.com
TXN000725,2025-12-25,1055,PROD002,27,458.22,West,Cash,12371.94,pending,customer724@email.com
TXN000726,2025-12-26,9717,PROD004,5,15.63,West,PayPal,78.15,completed,customer725@email.com
TXN000727,2025-12-27,9150,PROD004,25,230.56,East,Cash,5764.0,completed,customer726@email.com
TXN000728,2025-12-28,3125,PROD005,3,488.78,South,Debit Card,1466.34,completed,customer727@email.com
TXN000729,2025-12-29,1364,PROD004,33,60.53,West,PayPal,1997.49,completed,customer728@email.com
TXN000730,2025-12-30,7809,PROD002,4,278.41,North,Credit Card,1113.64,completed,customer729@email.com
TXN000731,2025-12-31,5621,PROD002,25,489.69,East,PayPal,12242.25,completed,customer730@email.com
TXN000732,2026-01-01,6126,PROD004,20,282.19,West,Debit Card,5643.8,completed,customer731@email.com
TXN000733,2026-01-02,6122,PROD002,34,103.01,South,Credit Card,3502.34,completed,customer732@email.com
TXN000734,2026-01-03,2646,PROD005,26,295.27,South,PayPal,7677.02,completed,customer733@email.com
TXN000735,2026-01-04,1918,PROD001,5,110.18,East,Credit Card,550.9,completed,customer734@email.com
TXN000736,2026-01-05,3797,PROD005,35,264.66,East,Credit Card,9263.1,completed,customer735@email.com
TXN000737,2026-01-06,7506,PROD005,28,46.28,East,Debit Card,1295.84,completed,customer736@email.com
TXN000738,2026-01-07,6870,PROD002,29,306.69,East,Credit Card,8894.01,completed,customer737@email.com
TXN000739,2026-01-08,2531,PROD001,9,263.23,East,Cash,2369.07,completed,customer738@email.com
TXN000740,2026-01-09,9172,PROD002,38,372.68,North,Debit Card,14161.84,completed,customer739@email.com
TXN000741,2026-01-10,4345,PROD003,6,319.04,North,Cash,1914.24,completed,customer740@email.com
TXN000742,2026-01-11,8673,PROD002,19,279.31,West,Credit Card,5306.89,completed,customer741@email.com
TXN000743,2026-01-12,7949,PROD002,44,347.99,South,Cash,15311.56,completed,customer742@email.com
TXN000744,2026-01-13,7882,PROD002,11,80.53,North,PayPal,885.83,pending,customer743@email.com
TXN000745,2026-01-14,2906,PROD001,2,301.73,North,Credit Card,603.46,completed,customer744@email.com
TXN000746,2026-01-15,4086,PROD002,47,94.33,North,PayPal,4433.51,completed,customer745@email.com
TXN000747,2026-01-16,9152,PROD001,44,463.51,West,Cash,20394.44,completed,customer746@email.com
TXN000748,2026-01-17,6750,PROD004,44,43.48,East,PayPal,1913.12,completed,customer747@email.com
TXN000749,2026-01-18,9905,PROD003,9,220.88,West,Credit Card,1987.92,pending,customer748@email.com
TXN000750,2026-01-19,2062,PROD001,21,350.94,South,PayPal,7369.74,completed,customer749@email.com
TXN000751,2026-01-20,2976,PROD004,24,234.43,South,Cash,5626.32,completed,customer750@email.com
TXN000752,2026-01-21,2296,PROD001,34,55.13,South,Cash,1874.42,completed,customer751@email.com
TXN000753,2026-01-22,7229,PROD001,22,281.16,South,Cash,6185.52,completed,customer752@email.com
TXN000754,2026-01-23,8641,PROD003,3,324.4,North,Credit Card,973.2,pending,customer753@email.com
TXN000755,2026-01-24,1125,PROD005,12,354.86,North,Cash,4258.32,completed,customer754@email.com
TXN000756,2026-01-25,5632,PROD005,28,192.9,West,Credit Card,5401.2,pending,customer755@email.com
TXN000757,2026-01-26,7288,PROD001,30,286.19,East,PayPal,8585.7,completed,customer756@email.com
TXN000758,2026-01-27,4596,PROD002,26,230.84,South,Cash,6001.84,completed,customer757@email.com
TXN000759,2026-01-28,7168,PROD004,48,339.31,West,PayPal,16286.88,completed,customer758@email.com
TXN000760,2026-01-29,8561,PROD002,21,295.94,North,Debit Card,6214.74,completed,customer759@email.com
TXN000761,2026-01-30,9258,PROD002,28,267.62,North,PayPal,7493.36,completed,customer760@email.com
TXN000762,2026-01-31,1232,PROD001,26,132.27,East,Debit Card,3439.02,completed,customer761@email.com
TXN000763,2026-02-01,7371,PROD001,33,10.99,East,PayPal,362.67,completed,customer762@email.com
TXN000764,2026-02-02,5206,PROD001,21,95.3,East,Credit Card,2001.3,completed,customer763@email.com
TXN000765,2026-02-03,8943,PROD001,35,67.36,West,PayPal,2357.6,completed,customer764@email.com
TXN000766,2026-02-04,7891,PROD005,34,230.05,North,Credit Card,7821.7,completed,customer765@email.com
TXN000767,2026-02-05,7738,PROD001,41,310.01,North,Credit Card,12710.41,completed,customer766@email.com
TXN000768,2026-02-06,3472,PROD005,47,114.41,East,Cash,5377.27,completed,customer767@email.com
TXN000769,2026-02-07,3739,PROD005,18,470.14,South,Credit Card,8462.52,completed,customer768@email.com
TXN000770,2026-02-08,6401,PROD001,11,13.27,East,Debit Card,145.97,completed,customer769@email.com
TXN000771,2026-02-09,2761,PROD003,23,388.43,West,Cash,8933.89,completed,customer770@email.com
TXN000772,2026-02-10,1876,PROD004,48,316.35,East,Cash,15184.8,completed,customer771@email.com
TXN000773,2026-02-11,4812,PROD002,22,193.04,East,PayPal,4246.88,completed,customer772@email.com
TXN000774,2026-02-12,2460,PROD005,17,34.74,West,Credit Card,590.58,completed,customer773@email.com
TXN000775,2026-02-13,2733,PROD004,5,317.47,East,Credit Card,1587.35,completed,customer774@email.com
TXN000776,2026-02-14,2605,PROD003,44,198.95,North,Debit Card,8753.8,cancelled,customer775@email.com
TXN000777,2026-02-15,6622,PROD002,11,468.77,South,PayPal,5156.47,completed,customer776@email.com
TXN000778,2026-02-16,7767,PROD002,30,275.58,East,PayPal,8267.4,completed,customer777@email.com
TXN000779,2026-02-17,7986,PROD005,15,470.43,West,Cash,7056.45,completed,customer778@email.com
TXN000780,2026-02-18,4517,PROD001,27,118.04,South,Cash,3187.08,completed,customer779@email.com
TXN000781,2026-02-19,4735,PROD003,35,365.61,West,Cash,12796.35,completed,customer780@email.com
TXN000782,2026-02-20,9434,PROD005,33,312.45,South,Debit Card,10310.85,completed,customer781@email.com
TXN000783,2026-02-21,3590,PROD003,20,372.31,South,Debit Card,7446.2,completed,customer782@email.com
TXN000784,2026-02-22,2063,PROD001,16,115.19,East,Cash,1843.04,pending,customer783@email.com
TXN000785,2026-02-23,5324,PROD001,34,335.85,North,PayPal,11418.9,completed,customer784@email.com
TXN000786,2026-02-24,6342,PROD005,2,254.04,East,Debit Card,508.08,completed,customer785@email.com
TXN000787,2026-02-25,1005,PROD001,35,373.98,West,PayPal,13089.3,completed,customer786@email.com
TXN000788,2026-02-26,8489,PROD004,40,170.25,West,PayPal,6810.0,completed,customer787@email.com
TXN000789,2026-02-27,9659,PROD002,28,446.13,South,Credit Card,12491.64,pending,customer788@email.com
TXN000790,2026-02-28,9195,PROD005,47,51.31,South,Cash,2411.57,completed,customer789@email.com
TXN000791,2026-03-01,6966,PROD003,39,405.52,North,Credit Card,15815.28,completed,customer790@email.com
TXN000792,2026-03-02,9837,PROD004,6,432.05,East,Cash,2592.3,completed,customer791@email.com
TXN000793,2026-03-03,1117,PROD005,9,410.45,West,Cash,3694.05,completed,customer792@email.com
TXN000794,2026-03-04,3551,PROD001,20,261.24,South,PayPal,5224.8,pending,customer793@email.com
TXN000795,2026-03-05,6560,PROD001,1,224.81,North,Cash,224.81,completed,customer794@email.com
TXN000796,2026-03-06,5289,PROD001,8,498.17,West,PayPal,3985.36,completed,customer795@email.com
TXN000797,2026-03-07,1846,PROD001,23,122.29,South,PayPal,2812.67,cancelled,customer796@email.com
TXN000798,2026-03-08,7316,PROD003,3,277.97,West,Cash,833.91,pending,customer797@email.com
TXN000799,2026-03-09,7469,PROD004,4,338.63,North,PayPal,1354.52,completed,customer798@email.com
TXN000800,2026-03-10,9915,PROD002,25,353.43,North,PayPal,8835.75,completed,customer799@email.com
TXN000801,2026-03-11,1224,PROD003,47,109.97,West,PayPal,5168.59,completed,customer800@email.com
TXN000802,2026-03-12,5208,PROD003,38,330.46,East,Debit Card,12557.48,completed,customer801@email.com
TXN000803,2026-03-13,7283,PROD002,15,411.0,West,PayPal,6165.0,completed,customer802@email.com
TXN000804,2026-03-14,3048,PROD002,21,34.51,South,Debit Card,724.71,completed,customer803@email.com
TXN000805,2026-03-15,7233,PROD001,35,456.65,East,Debit Card,15982.75,completed,customer804@email.com
TXN000806,2026-03-16,2828,PROD003,46,24.46,South,PayPal,1125.16,completed,customer805@email.com
TXN000807,2026-03-17,2917,PROD005,14,184.43,West,PayPal,2582.02,completed,customer806@email.com
TXN000808,2026-03-18,5234,PROD002,36,17.75,East,Debit Card,639.0,completed,customer807@email.com
TXN000809,2026-03-19,7988,PROD002,12,47.8,South,Debit Card,573.6,completed,customer808@email.com
TXN000810,2026-03-20,3026,PROD004,17,456.47,West,PayPal,7759.99,completed,customer809@email.com
TXN000811,2026-03-21,4744,PROD005,39,183.88,West,PayPal,7171.32,completed,customer810@email.com
TXN000812,2026-03-22,1009,PROD005,9,218.14,East,Cash,1963.26,completed,customer811@email.com
TXN000813,2026-03-23,1260,PROD002,35,115.52,West,Debit Card,4043.2,completed,customer812@email.com
TXN000814,2026-03-24,7038,PROD001,13,302.58,North,Debit Card,3933.54,completed,customer813@email.com
TXN000815,2026-03-25,3219,PROD004,15,301.45,South,Cash,4521.75,completed,customer814@email.com
TXN000816,2026-03-26,8041,PROD005,18,192.38,South,Debit Card,3462.84,completed,customer815@email.com
TXN000817,2026-03-27,3060,PROD002,33,173.19,West,Credit Card,5715.27,completed,customer816@email.com
TXN000818,2026-03-28,6287,PROD005,6,443.63,West,Debit Card,2661.78,completed,customer817@email.com
TXN000819,2026-03-29,2619,PROD004,27,197.81,North,Cash,5340.87,completed,customer818@email.com
TXN000820,2026-03-30,9512,PROD004,23,251.82,East,Credit Card,5791.86,completed,customer819@email.com
TXN000821,2026-03-31,2342,PROD003,27,148.82,West,PayPal,4018.14,pending,customer820@email.com
TXN000822,2026-04-01,3832,PROD002,34,395.52,West,Cash,13447.68,completed,customer821@email.com
TXN000823,2026-04-02,3824,PROD004,46,204.75,West,Cash,9418.5,completed,customer822@email.com
TXN000824,2026-04-03,2994,PROD003,38,261.67,West,PayPal,9943.46,pending,customer823@email.com
TXN000825,2026-04-04,4490,PROD003,14,134.15,South,Cash,1878.1,completed,customer824@email.com
TXN000826,2026-04-05,8984,PROD005,36,493.95,West,Debit Card,17782.2,completed,customer825@email.com
TXN000827,2026-04-06,2604,PROD005,8,152.83,South,PayPal,1222.64,completed,customer826@email.com
TXN000828,2026-04-07,1235,PROD003,35,387.66,West,Cash,13568.1,pending,customer827@email.com
TXN000829,2026-04-08,2908,PROD005,19,219.47,East,PayPal,4169.93,completed,customer828@email.com
TXN000830,2026-04-09,9567,PROD004,30,111.05,North,PayPal,3331.5,completed,customer829@email.com
TXN000831,2026-04-10,4530,PROD001,14,401.86,East,PayPal,5626.04,completed,customer830@email.com
TXN000832,2026-04-11,6256,PROD004,20,173.47,West,Credit Card,3469.4,completed,customer831@email.com
TXN000833,2026-04-12,3635,PROD003,49,433.94,West,Cash,21263.06,completed,customer832@email.com
TXN000834,2026-04-13,9162,PROD003,25,458.48,West,Credit Card,11462.0,completed,customer833@email.com
TXN000835,2026-04-14,3560,PROD004,40,431.31,East,Cash,17252.4,completed,customer834@email.com
TXN000836,2026-04-15,6415,PROD005,24,27.15,West,Debit Card,651.6,completed,customer835@email.com
TXN000837,2026-04-16,4391,PROD005,14,395.81,East,Debit Card,5541.34,completed,customer836@email.com
TXN000838,2026-04-17,6951,PROD003,26,211.56,South,Debit Card,5500.56,completed,customer837@email.com
TXN000839,2026-04-18,6468,PROD002,38,438.12,North,Cash,16648.56,completed,customer838@email.com
TXN000840,2026-04-19,9007,PROD005,23,322.6,North,PayPal,7419.8,completed,customer839@email.com
TXN000841,2026-04-20,7413,PROD004,22,418.49,East,PayPal,9206.78,completed,customer840@email.com
TXN000842,2026-04-21,7941,PROD005,48,254.72,South,Credit Card,12226.56,completed,customer841@email.com
TXN000843,2026-04-22,5820,PROD004,19,272.16,East,Credit Card,5171.04,completed,customer842@email.com
TXN000844,2026-04-23,3898,PROD003,46,80.75,South,Debit Card,3714.5,completed,customer843@email.com
TXN000845,2026-04-24,8546,PROD005,3,394.15,West,Credit Card,1182.45,completed,customer844@email.com
TXN000846,2026-04-25,1077,PROD004,42,215.5,South,Cash,9051.0,completed,customer845@email.com
TXN000847,2026-04-26,8577,PROD003,19,255.04,South,Cash,4845.76,completed,customer846@email.com
TXN000848,2026-04-27,5227,PROD002,9,394.7,South,Credit Card,3552.3,completed,customer847@email.com
TXN000849,2026-04-28,1600,PROD004,28,303.43,North,Credit Card,8496.04,pending,customer848@email.com
TXN000850,2026-04-29,2065,PROD002,20,108.54,South,Credit Card,2170.8,cancelled,customer849@email.com
TXN000851,2026-04-30,3136,PROD002,45,299.21,West,Credit Card,13464.45,completed,customer850@email.com
TXN000852,2026-05-01,7943,PROD001,7,209.74,West,Debit Card,1468.18,completed,customer851@email.com
TXN000853,2026-05-02,8804,PROD005,14,240.07,West,Debit Card,3360.98,completed,customer852@email.com
TXN000854,2026-05-03,7565,PROD004,9,23.87,South,Credit Card,214.83,completed,customer853@email.com
TXN000855,2026-05-04,6984,PROD002,19,112.91,East,Cash,2145.29,completed,customer854@email.com
TXN000856,2026-05-05,6142,PROD001,47,147.71,East,Debit Card,6942.37,cancelled,customer855@email.com
TXN000857,2026-05-06,5670,PROD003,14,359.35,West,Cash,5030.9,completed,customer856@email.com
TXN000858,2026-05-07,3190,PROD004,38,15.63,North,PayPal,593.94,cancelled,customer857@email.com
TXN000859,2026-05-08,3712,PROD002,36,210.3,East,Cash,7570.8,completed,customer858@email.com
TXN000860,2026-05-09,3192,PROD005,40,462.77,South,Credit Card,18510.8,completed,customer859@email.com
TXN000861,2026-05-10,2248,PROD001,17,64.82,East,PayPal,1101.94,completed,customer860@email.com
TXN000862,2026-05-11,5033,PROD002,30,263.05,West,Debit Card,7891.5,completed,customer861@email.com
TXN000863,2026-05-12,2997,PROD005,9,395.4,North,Debit Card,3558.6,completed,customer862@email.com
TXN000864,2026-05-13,4687,PROD002,33,471.84,East,PayPal,15570.72,completed,customer863@email.com
TXN000865,2026-05-14,5018,PROD004,25,375.92,East,Cash,9398.0,completed,customer864@email.com
TXN000866,2026-05-15,2970,PROD004,14,363.08,West,Debit Card,5083.12,completed,customer865@email.com
TXN000867,2026-05-16,9389,PROD004,11,414.98,North,Credit Card,4564.78,completed,customer866@email.com
TXN000868,2026-05-17,6765,PROD001,35,228.64,North,PayPal,8002.4,completed,customer867@email.com
TXN000869,2026-05-18,2202,PROD004,41,404.86,West,Credit Card,16599.26,completed,customer868@email.com
TXN000870,2026-05-19,9135,PROD005,14,13.9,South,PayPal,194.6,completed,customer869@email.com
TXN000871,2026-05-20,6567,PROD002,30,463.03,East,Debit Card,13890.9,cancelled,customer870@email.com
TXN000872,2026-05-21,8667,PROD003,41,227.22,South,Cash,9316.02,completed,customer871@email.com
TXN000873,2026-05-22,6742,PROD005,4,281.16,East,PayPal,1124.64,completed,customer872@email.com
TXN000874,2026-05-23,6788,PROD005,4,134.89,East,PayPal,539.56,completed,customer873@email.com
TXN000875,2026-05-24,6408,PROD004,28,373.84,South,Credit Card,10467.52,completed,customer874@email.com
TXN000876,2026-05-25,9669,PROD001,8,47.55,West,Debit Card,380.4,completed,customer875@email.com
TXN000877,2026-05-26,1922,PROD002,2,437.59,West,Credit Card,875.18,completed,customer876@email.com
TXN000878,2026-05-27,1419,PROD001,41,415.78,East,Debit Card,17046.98,completed,customer877@email.com
TXN000879,2026-05-28,3204,PROD002,46,115.87,West,Credit Card,5330.02,completed,customer878@email.com
TXN000880,2026-05-29,2120,PROD002,22,406.57,East,PayPal,8944.54,completed,customer879@email.com
TXN000881,2026-05-30,1950,PROD001,41,395.32,West,Credit Card,16208.12,pending,customer880@email.com
TXN000882,2026-05-31,3336,PROD005,16,319.79,East,Cash,5116.64,cancelled,customer881@email.com
TXN000883,2026-06-01,6373,PROD002,29,193.02,West,Debit Card,5597.58,completed,invalid_email_882
TXN000884,2026-06-02,3243,PROD001,49,143.03,North,Debit Card,7008.47,completed,customer883@email.com
TXN000885,2026-06-03,3645,PROD002,48,123.57,South,PayPal,5931.36,completed,customer884@email.com
TXN000886,2026-06-04,5612,PROD003,30,166.12,North,Debit Card,4983.6,completed,customer885@email.com
TXN000887,2026-06-05,2865,PROD005,12,452.74,South,Cash,5432.88,completed,customer886@email.com
TXN000888,2026-06-06,7028,PROD004,35,48.04,South,Credit Card,1681.4,completed,customer887@email.com
TXN000889,2026-06-07,8326,PROD002,11,416.15,East,PayPal,4577.65,cancelled,customer888@email.com
TXN000890,2026-06-08,7371,PROD003,46,180.96,South,Cash,8324.16,pending,customer889@email.com
TXN000891,2026-06-09,7359,PROD004,21,265.58,North,Debit Card,5577.18,completed,customer890@email.com
TXN000892,2026-06-10,8863,PROD004,21,399.3,North,Debit Card,8385.3,completed,customer891@email.com
TXN000893,2026-06-11,4228,PROD002,5,443.34,West,Cash,2216.7,completed,customer892@email.com
TXN000894,2026-06-12,4719,PROD001,48,178.94,North,Credit Card,8589.12,completed,customer893@email.com
TXN000895,2026-06-13,3371,PROD002,20,236.3,West,Credit Card,4726.0,completed,customer894@email.com
TXN000896,2026-06-14,3891,PROD003,37,213.11,South,PayPal,7885.07,completed,customer895@email.com
TXN000897,2026-06-15,4756,PROD004,3,16.49,North,Debit Card,49.47,pending,customer896@email.com
TXN000898,2026-06-16,5225,PROD002,44,155.01,South,Cash,6820.44,completed,customer897@email.com
TXN000899,2026-06-17,1094,PROD001,33,235.0,North,Credit Card,7755.0,completed,customer898@email.com
TXN000900,2026-06-18,3674,PROD002,9,211.44,North,PayPal,1902.96,completed,customer899@email.com
TXN000901,2026-06-19,7898,PROD005,9,363.75,West,Debit Card,3273.75,completed,customer900@email.com
TXN000902,2026-06-20,1793,PROD001,4,198.55,South,Debit Card,794.2,completed,customer901@email.com
TXN000903,2026-06-21,3116,PROD003,35,249.79,North,PayPal,8742.65,completed,customer902@email.com
TXN000904,2026-06-22,6779,PROD004,17,220.51,East,PayPal,3748.67,completed,customer903@email.com
TXN000905,2026-06-23,7166,PROD002,34,372.91,South,Credit Card,12678.94,completed,customer904@email.com
TXN000906,2026-06-24,1814,PROD001,24,432.86,South,Cash,10388.64,completed,customer905@email.com
TXN000907,2026-06-25,1345,PROD005,32,270.63,South,Debit Card,8660.16,pending,customer906@email.com
TXN000908,2026-06-26,9554,PROD001,1,396.82,West,Cash,396.82,completed,customer907@email.com
TXN000909,2026-06-27,3443,PROD005,8,155.43,East,Debit Card,1243.44,completed,customer908@email.com
TXN000910,2026-06-28,8783,PROD003,45,275.27,South,Debit Card,12387.15,completed,customer909@email.com
TXN000911,2026-06-29,1984,PROD004,23,179.16,North,Cash,4120.68,completed,customer910@email.com
TXN000912,2026-06-30,8790,PROD003,47,212.96,North,PayPal,10009.12,completed,customer911@email.com
TXN000913,2026-07-01,1827,PROD002,40,368.88,West,Credit Card,14755.2,cancelled,customer912@email.com
TXN000914,2026-07-02,4531,PROD001,12,442.01,North,Debit Card,5304.12,pending,customer913@email.com
TXN000915,2026-07-03,8147,PROD005,12,69.53,South,PayPal,834.36,completed,customer914@email.com
TXN000916,2026-07-04,5451,PROD005,46,320.97,North,Debit Card,14764.62,completed,customer915@email.com
TXN000917,2026-07-05,4876,PROD001,47,295.25,South,Credit Card,13876.75,completed,customer916@email.com
TXN000918,2026-07-06,6959,PROD001,15,68.02,North,Debit Card,1020.3,completed,customer917@email.com
TXN000919,2026-07-07,1126,PROD002,41,113.83,East,Credit Card,4667.03,completed,customer918@email.com
TXN000920,2026-07-08,4177,PROD003,19,162.39,West,Credit Card,3085.41,completed,customer919@email.com
TXN000921,2026-07-09,9795,PROD005,26,91.8,West,Debit Card,2386.8,completed,customer920@email.com
TXN000922,2026-07-10,7024,PROD002,29,129.43,East,Debit Card,3753.47,completed,customer921@email.com
TXN000923,2026-07-11,6109,PROD003,22,141.12,East,Credit Card,3104.64,completed,customer922@email.com
TXN000924,2026-07-12,5146,PROD002,40,174.48,West,PayPal,6979.2,pending,customer923@email.com
TXN000925,2026-07-13,8196,PROD005,21,377.2,East,Cash,7921.2,completed,customer924@email.com
TXN000926,2026-07-14,4368,PROD001,38,290.24,South,Credit Card,11029.12,completed,customer925@email.com
TXN000927,2026-07-15,4797,PROD001,20,493.26,North,Debit Card,9865.2,completed,customer926@email.com
TXN000928,2026-07-16,2792,PROD003,29,213.22,West,Debit Card,6183.38,completed,customer927@email.com
TXN000929,2026-07-17,6732,PROD004,4,379.39,East,PayPal,1517.56,completed,customer928@email.com
TXN000930,2026-07-18,4476,PROD003,7,437.02,South,Cash,3059.14,completed,customer929@email.com
TXN000931,2026-07-19,4417,PROD004,28,342.7,West,Credit Card,9595.6,pending,customer930@email.com
TXN000932,2026-07-20,2645,PROD002,28,211.81,East,Credit Card,5930.68,completed,customer931@email.com
TXN000933,2026-07-21,4030,PROD002,4,379.26,West,Cash,1517.04,completed,customer932@email.com
TXN000934,2026-07-22,3872,PROD005,22,109.8,East,Credit Card,2415.6,completed,customer933@email.com
TXN000935,2026-07-23,4072,PROD004,12,170.5,West,Cash,2046.0,completed,customer934@email.com
TXN000936,2026-07-24,2854,PROD005,45,277.88,South,Debit Card,12504.6,completed,customer935@email.com
TXN000937,2026-07-25,5021,PROD001,3,291.95,South,Cash,875.85,pending,customer936@email.com
TXN000938,2026-07-26,5662,PROD004,22,20.85,North,Credit Card,458.7,completed,customer937@email.com
TXN000939,2026-07-27,7514,PROD003,44,473.11,West,Cash,20816.84,completed,customer938@email.com
TXN000940,2026-07-28,6031,PROD001,2,351.35,North,PayPal,702.7,completed,customer939@email.com
TXN000941,2026-07-29,3708,PROD001,24,252.89,West,Debit Card,6069.36,completed,customer940@email.com
TXN000942,2026-07-30,8112,PROD003,34,467.23,East,Debit Card,15885.82,pending,customer941@email.com
TXN000943,2026-07-31,9393,PROD001,27,225.16,East,Cash,6079.32,cancelled,customer942@email.com
TXN000944,2026-08-01,4507,PROD004,41,490.41,North,Credit Card,20106.81,completed,customer943@email.com
TXN000945,2026-08-02,7456,PROD005,1,261.02,West,PayPal,261.02,completed,customer944@email.com
TXN000946,2026-08-03,5212,PROD001,8,66.0,North,Debit Card,528.0,completed,customer945@email.com
TXN000947,2026-08-04,8970,PROD004,23,384.75,South,Debit Card,8849.25,completed,customer946@email.com
TXN000948,2026-08-05,9766,PROD002,38,342.66,North,Credit Card,13021.08,pending,customer947@email.com
TXN000949,2026-08-06,1536,PROD004,6,388.76,North,Credit Card,2332.56,completed,customer948@email.com
TXN000950,2026-08-07,2625,PROD005,22,476.21,East,PayPal,10476.62,completed,customer949@email.com
TXN000951,2026-08-08,8973,PROD004,25,390.48,North,Cash,9762.0,completed,customer950@email.com
TXN000952,2026-08-09,9577,PROD003,18,309.55,West,Credit Card,5571.9,completed,customer951@email.com
TXN000953,2026-08-10,9070,PROD005,17,430.08,East,Cash,7311.36,completed,customer952@email.com
TXN000954,2026-08-11,9666,PROD002,12,339.89,North,PayPal,4078.68,completed,customer953@email.com
TXN000955,2026-08-12,9609,PROD003,6,209.98,South,Cash,1259.88,completed,customer954@email.com
TXN000956,2026-08-13,7490,PROD004,26,443.95,North,Debit Card,11542.7,completed,customer955@email.com
TXN000957,2026-08-14,4600,PROD005,27,118.73,North,Cash,3205.71,completed,invalid_email_956
TXN000958,2026-08-15,7783,PROD002,8,360.17,North,PayPal,2881.36,completed,customer957@email.com
TXN000959,2026-08-16,5971,PROD003,19,441.97,East,PayPal,8397.43,completed,customer958@email.com
TXN000960,2026-08-17,2205,PROD002,42,368.35,West,PayPal,15470.7,completed,customer959@email.com
TXN000961,2026-08-18,2990,PROD004,1,351.66,South,Cash,351.66,completed,customer960@email.com
TXN000962,2026-08-19,6299,PROD002,29,378.79,North,Debit Card,10984.91,cancelled,customer961@email.com
TXN000963,2026-08-20,4572,PROD001,45,237.88,West,Credit Card,10704.6,completed,customer962@email.com
TXN000964,2026-08-21,6975,PROD003,49,438.34,West,Debit Card,21478.66,completed,customer963@email.com
TXN000965,2026-08-22,7320,PROD002,35,109.68,East,Cash,3838.8,completed,customer964@email.com
TXN000966,2026-08-23,5380,PROD004,40,72.42,South,Cash,2896.8,completed,customer965@email.com
TXN000967,2026-08-24,5757,PROD004,14,149.9,East,Credit Card,2098.6,completed,customer966@email.com
TXN000968,2026-08-25,3713,PROD002,35,270.47,West,Cash,9466.45,completed,customer967@email.com
TXN000969,2026-08-26,6588,PROD004,48,260.18,West,PayPal,12488.64,completed,customer968@email.com
TXN000970,2026-08-27,1966,PROD005,45,412.09,West,PayPal,18544.05,completed,customer969@email.com
TXN000971,2026-08-28,5944,PROD005,20,208.24,East,PayPal,4164.8,completed,customer970@email.com
TXN000972,2026-08-29,4432,PROD005,49,247.33,South,PayPal,12119.17,completed,customer971@email.com
TXN000973,2026-08-30,1688,PROD001,13,16.55,North,PayPal,215.15,completed,customer972@email.com
TXN000974,2026-08-31,5243,PROD002,38,210.77,East,Cash,8009.26,completed,customer973@email.com
TXN000975,2026-09-01,4701,PROD001,49,327.41,West,Credit Card,16043.09,completed,customer974@email.com
TXN000976,2026-09-02,9533,PROD004,46,17.6,East,Credit Card,809.6,completed,customer975@email.com
TXN000977,2026-09-03,6182,PROD001,49,147.63,West,PayPal,7233.87,completed,customer976@email.com
TXN000978,2026-09-04,7704,PROD004,8,111.9,North,Cash,895.2,cancelled,customer977@email.com
TXN000979,2026-09-05,5422,PROD004,43,30.57,North,Debit Card,1314.51,completed,customer978@email.com
TXN000980,2026-09-06,2759,PROD003,20,244.84,South,Debit Card,4896.8,completed,customer979@email.com
TXN000981,2026-09-07,3482,PROD005,33,99.04,West,Cash,3268.32,completed,customer980@email.com
TXN000982,2026-09-08,9058,PROD004,26,374.11,South,PayPal,9726.86,completed,customer981@email.com
TXN000983,2026-09-09,1951,PROD003,39,425.48,South,Credit Card,16593.72,completed,customer982@email.com
TXN000984,2026-09-10,9914,PROD005,21,277.34,North,Cash,5824.14,completed,customer983@email.com
TXN000985,2026-09-11,3079,PROD004,49,491.04,East,Debit Card,24060.96,completed,customer984@email.com
TXN000986,2026-09-12,3717,PROD004,42,230.73,East,Debit Card,9690.66,pending,customer985@email.com
TXN000987,2026-09-13,5524,PROD001,43,261.55,South,Debit Card,11246.65,completed,customer986@email.com
TXN000988,2026-09-14,9477,PROD001,41,494.72,North,PayPal,20283.52,completed,customer987@email.com
TXN000989,2026-09-15,8311,PROD005,9,123.46,West,Debit Card,1111.14,completed,customer988@email.com
TXN000990,2026-09-16,8186,PROD004,24,471.85,East,Cash,11324.4,completed,customer989@email.com
TXN000991,2026-09-17,3065,PROD002,37,30.99,South,Cash,1146.63,completed,customer990@email.com
TXN000992,2026-09-18,1768,PROD001,49,228.73,East,Debit Card,11207.77,completed,customer991@email.com
TXN000993,2026-09-19,6490,PROD005,41,44.3,East,Cash,1816.3,completed,customer992@email.com
TXN000994,2026-09-20,7645,PROD004,17,367.33,West,Debit Card,6244.61,cancelled,customer993@email.com
TXN000995,2026-09-21,6083,PROD004,24,308.12,North,Debit Card,7394.88,completed,customer994@email.com
TXN000996,2026-09-22,6232,PROD002,21,356.25,West,Credit Card,7481.25,completed,customer995@email.com
TXN000997,2026-09-23,6797,PROD005,39,193.5,North,PayPal,7546.5,pending,customer996@email.com
TXN000998,2026-09-24,5926,PROD004,41,191.05,East,PayPal,7833.05,completed,customer997@email.com
TXN000999,2026-09-25,7016,PROD001,39,32.21,South,Credit Card,1256.19,completed,customer998@email.com
TXN001000,2026-09-26,4335,PROD002,13,181.47,West,Credit Card,2359.11,pending,customer999@email.com
